[
  {
    "id": 0,
    "hash": "QmatHotH7ix4upkJZdLpJPRiGdZuNjyEJmRfRKc2GheP9Z"
  },
  {
    "id": 1,
    "hash": "QmQax9La6KjbFp4qbjwL2ucYCazZcVr9jSYuhrqgsDMpwb"
  },
  {
    "id": 2,
    "hash": "QmeZo1a7hQXTCf6Zhw7SbxzcMoP49LbfBxUCT1oHXHnWxo"
  },
  {
    "id": 3,
    "hash": "QmYXzYQdpnTU5JHMBjzpoG4cWdRNginnCRbz1ooS9mkZC2"
  },
  {
    "id": 4,
    "hash": "QmPXQFVWSPGCvpPzjQcUzLkDLfUsPoGV4L3xwPJJ4DDzpM"
  },
  {
    "id": 5,
    "hash": "QmWbD7eiw1br5u1GRdV7hopRG4ioJgBy9ryZwZGG3opvB9"
  },
  {
    "id": 6,
    "hash": "QmPuXWpnU1tAA79FYgsPDsD4SHWjPZU5d3FcG9CBzhtB9v"
  },
  {
    "id": 7,
    "hash": "QmXQUd3WWbmMccVWLBrsphJDFfc4YtTzTSBNBAD1uq2m8F"
  },
  {
    "id": 8,
    "hash": "QmZykNQPkTarFot4wEv8ynjVDUDMhyDoCasux7go7J9Mjx"
  },
  {
    "id": 9,
    "hash": "QmUddHD2xtjFSuy91DfH3MML7WCjHunxXfFCA4izst4Wqz"
  },
  {
    "id": 10,
    "hash": "QmQHC4jhGbvkKSJx6B3dHm7AYgGSZHam3Yvt4EKLeczeuV"
  },
  {
    "id": 11,
    "hash": "QmPapwA3FFwSYJwdFRtH9Jm5HxbftPZpXtoTjC8FmidCyq"
  },
  {
    "id": 12,
    "hash": "QmW3yYuyFtd4a2CMntd8tkf6J7RePLK3pzThEuYYswK4y7"
  },
  {
    "id": 13,
    "hash": "QmPWRSxVARr9Wfo58qutCBUXmV3HmF2giM3hAJb3Bo5Mfp"
  },
  {
    "id": 14,
    "hash": "QmQSqZpojoSxmNswB4Z4XenxJ1kcwBBJj9TpHDFaFNTZvp"
  },
  {
    "id": 15,
    "hash": "QmYurzUQf5Km6bA6EFSfbv6y4Bd5bqToRQumVg5SWqpjxp"
  },
  {
    "id": 16,
    "hash": "QmUx9wDz3UUHdV5W9pN1EMipa3DTTzuKje3faXKbfv8bso"
  },
  {
    "id": 17,
    "hash": "QmeBj2PViHsqA4j1BoN3VGddo2yi2yo4Du717T91aKAuk1"
  },
  {
    "id": 18,
    "hash": "QmaAtWjGWgGZJ69s7TGADHmRJjJgjPKDV3vfUsWYQGMM4s"
  },
  {
    "id": 19,
    "hash": "QmWqn6tqQHbKkooaRUAyGc53DkZBq5ZBmpwkSNrb533fHX"
  },
  {
    "id": 20,
    "hash": "QmWouXzbM3E7i86f59xQt874XY7uDhBfskh7S7yyHYbYG2"
  },
  {
    "id": 21,
    "hash": "QmXLmBy2AKcKg9XgH3QEEf9yQzh8x2gUFu17h2CtmR4adD"
  },
  {
    "id": 22,
    "hash": "QmcJaRpqFP7bEBBidetoX3tuPZxdj6t6pGTheSU8r82PdT"
  },
  {
    "id": 23,
    "hash": "QmUYj8KaCx1ozCMbHXZXnJyoykPjk8x8kP6idKFkzLLh1N"
  },
  {
    "id": 24,
    "hash": "QmUDymnvKautviXoniYi59DSr2rRhPw74TB6YQNxnqsVFY"
  },
  {
    "id": 25,
    "hash": "QmV9Fwozy9zJr2Fgqouk1ELBLo8piducyhjuRNfdwQk4jn"
  },
  {
    "id": 26,
    "hash": "QmXZyKzTS8PgRhKSf9EKGcGoYMcLYEaJbA2gBqVEkXF5FQ"
  },
  {
    "id": 27,
    "hash": "QmchwWjddFvgUSKPfYBHsJFq5DzXNgp5hrwqRqR4DuLJDn"
  },
  {
    "id": 28,
    "hash": "QmWQDvazXLZ5FSoyfPym2SQUJxYyLvJ81YivuVeMxzeEbs"
  },
  {
    "id": 29,
    "hash": "QmUbU6rfzCxCmkDkvLBRyxP4Q8qJED8y5CfSrNmbwje7MC"
  },
  {
    "id": 30,
    "hash": "QmVYimvFyizgJoY1aNKBEN9zrMM8Jj5Fp6BLwyzRD2cqyi"
  },
  {
    "id": 31,
    "hash": "QmdYnAHfobHr23Y67UcoRdxyqW6Hjvz5JjUNH78zV5bwgp"
  },
  {
    "id": 32,
    "hash": "QmQYPFpGNAsjwRjfnXkmjRsvmAazDU1zVNENbHPxgnbDVk"
  },
  {
    "id": 33,
    "hash": "QmVTZ9uCLcGYwxPxJUqij6FoP5Xu1HyJBcdvqeFDsgHZYa"
  },
  {
    "id": 34,
    "hash": "QmWZG4EvwyT2v7h4tiYRnX2u7eGARHQwMTRfWYN6gZcgfD"
  },
  {
    "id": 35,
    "hash": "QmWU9VoAwNnFYhcKer3zMpbAMgvCeAnsbdfvVteSEzj9Jf"
  },
  {
    "id": 36,
    "hash": "QmQZStuXTojcSJkjghfSeteGV8PnTsaj1PyQtxTn5KRCvw"
  },
  {
    "id": 37,
    "hash": "QmYubfW6JNPNK8YNtByd8D7kFk9VrhAE5ZYttzbaJciLag"
  },
  {
    "id": 38,
    "hash": "Qmav2JWfokyiCZ1BAsDyYfq3PotWMhUWenyc97aD4piSfF"
  },
  {
    "id": 39,
    "hash": "QmWduzbQ8hoDCGYnDdPMf48AwqipKVFjiu6zXT1DfAeMHQ"
  },
  {
    "id": 40,
    "hash": "QmQ2fZmrcy9LvwZdwJ6uq2PgXJ26twbNVK5xEKWUGmeDkZ"
  },
  {
    "id": 41,
    "hash": "QmUtMa2u4cpcbKh1cUPjXsPTXQxwdpsK4FEoi7TMJ6NYPP"
  },
  {
    "id": 42,
    "hash": "Qma5UumQVAeQbgxwVVhxrzgwH4kZ97mkvFYK8Wm74FVPKv"
  },
  {
    "id": 43,
    "hash": "QmbkqnRVd8bJzABtp76Kehe4r2grgnoo2QVT3HThTq1AJn"
  },
  {
    "id": 44,
    "hash": "QmP7wcsqXsvf6A8xcG1qJthxwo8fRCpAnwsRw2Hw6gwtbq"
  },
  {
    "id": 45,
    "hash": "QmcV7PUxhVzqmukTxVqtS8erya9ExEvSc2qfJuims7RdyV"
  },
  {
    "id": 46,
    "hash": "QmWyUGmmu9rHxtfeG5S6p9oSS2n8rsNMr2amTsgpLUCkG5"
  },
  {
    "id": 47,
    "hash": "QmQENji5F1PLQ4GmxstNWg7PFZ4K79JNufj9Jsc3QQRqfW"
  },
  {
    "id": 48,
    "hash": "QmcCoGKHqb64x7LYz8D1dYqFu85mA1oWPXGHTh1gYLvZqW"
  },
  {
    "id": 49,
    "hash": "QmaSn6RdxmTGyw2T9tqStze8UrFVRt54EgPStGjaFRYpi6"
  },
  {
    "id": 50,
    "hash": "QmX62LWVmEB8ZSpoLKJgMsG744QzCNfuiAD544VTzqkQjp"
  },
  {
    "id": 51,
    "hash": "QmSoaMwxwS6UtnvYwCNkntFfQEoFm3g1r8tfUFtSe9uZXo"
  },
  {
    "id": 52,
    "hash": "QmPXJpBUPNBJCBAVe1GC4L7E8nWLcu7Tw93aUa6atxJnFe"
  },
  {
    "id": 53,
    "hash": "QmR7QUHBr8TULKXLKC1cr5F1bKEB3CSPW4CfewKC3SePX4"
  },
  {
    "id": 54,
    "hash": "QmWF3XQ8w5Nod55p2Qujx8jdaWeuSCjkdBUeWYFAYkxNTk"
  },
  {
    "id": 55,
    "hash": "QmToVDAPo2RuoPm7kQvZHdAsnRgNrUSx9rCuaUtgpsiJ9S"
  },
  {
    "id": 56,
    "hash": "QmS2q92vBPBpCTxiCPKXFYzkNkxGNoaaZGJ1tRPHPEQ8vS"
  },
  {
    "id": 57,
    "hash": "QmSWAkr5xSyiNUrA8KmnPHChYFAfjzHzti6RmjPWHrFyWT"
  },
  {
    "id": 58,
    "hash": "QmQdVPWtKTFAFFW2mJfBMr4gs8D3tAEqv3tEL5M6wP2vFA"
  },
  {
    "id": 59,
    "hash": "QmNtwDEpS3KrEdMb3RRQfnSphkPqSEFBpTva2wEUFUP6wV"
  },
  {
    "id": 60,
    "hash": "QmdFg8LK6vcJGZLhmgbuep8rM6L6jPcS3cK1aedNZVf3Cr"
  },
  {
    "id": 61,
    "hash": "QmdQSREFmVxEWZY9Jai5M6kHuxG2v6hHoftp2FYCogiogb"
  },
  {
    "id": 62,
    "hash": "QmbM2nLjHWoYHheCogBzfNyMT1SV46pAb5fktju1X4cHhV"
  },
  {
    "id": 63,
    "hash": "QmVxYg1km3k71yoG1EJ1MT9WzDKcpcsMq2YLgYhjDnt9Aq"
  },
  {
    "id": 64,
    "hash": "QmVSwZDtR4oQgzQ54X7JCmFpRua2Gtp7aE2asEmdkASFnp"
  },
  {
    "id": 65,
    "hash": "QmZd7Ti566zmmWa1W47FJuXVLB4FP5dXq6Uw9G38M4fb34"
  },
  {
    "id": 66,
    "hash": "QmUXhPirEsoHfhErXjnvDjjEp1QjZWRgityh7P8THhrLZd"
  },
  {
    "id": 67,
    "hash": "QmdcTcTy83YPi18ouGJvkSaCFBuq8iZY9SPjKrzcLi76rY"
  },
  {
    "id": 68,
    "hash": "QmRmr8B7FrUR3hv9NcPBx5UEU2M2STeGNq1LicyJfuAATe"
  },
  {
    "id": 69,
    "hash": "QmaZz7QHmtguidi8JmkaBboWRatP5FksP9MKRUcU5EtY66"
  },
  {
    "id": 70,
    "hash": "QmPFMEfj71SxRpBxeeZSjuSRHNwduTeTdzpq6tvsmT1Ehj"
  },
  {
    "id": 71,
    "hash": "QmXHHqcjbCzLTh2iXgN4kUx1nVupUPJJn6iA5efVM7eQvb"
  },
  {
    "id": 72,
    "hash": "QmZ43DAqiaezWmW9NQvPAEUzwsuuS9LhyyTFF7tvkJ98dB"
  },
  {
    "id": 73,
    "hash": "QmYqhLXzzfiRBGSq1PkYa7iEYYfkdJQetRcjjW7REtLSkd"
  },
  {
    "id": 74,
    "hash": "QmaA96xVhspznPL91VAddwFbkSVZiHZEQbmr5uVhH6QnZ1"
  },
  {
    "id": 75,
    "hash": "QmexjAHD1iUWqY86EUJtmuJGEu9zuHk2EkpppdWy1G7Ygu"
  },
  {
    "id": 76,
    "hash": "QmcW9EMSTi7rFk7Ch1tf9HqTjMXEeLwKoQuVgkeNRHXtPb"
  },
  {
    "id": 77,
    "hash": "QmVjBX6ZrYNX2Krk9etskUGYZpnQjKZcqnjtAqimf4v1sa"
  },
  {
    "id": 78,
    "hash": "Qmd3oZHWqTSyTiHt4x7AbpPQ4vKr96ZC3Lr2kvsKwRRKMS"
  },
  {
    "id": 79,
    "hash": "QmdL1Fcju9GoAYdF3nqNM5BpxkgJep6wAa2kg5bszLJKuX"
  },
  {
    "id": 80,
    "hash": "QmdgZ6QhJnYwAzSVZUchJU9qUkGKrTQY3MSJLPnqGUoJ9u"
  },
  {
    "id": 81,
    "hash": "QmTawHe1y4xbPJVfQe5AQFMhYpLJevcbfDX9wFiDjuEXwD"
  },
  {
    "id": 82,
    "hash": "QmVHm9uoCKwrZMJVWf45VdB5N197tXuwasB4pXZdXzHc7p"
  },
  {
    "id": 83,
    "hash": "QmVfSCBRKRCPag9aPBrJAP2a3cCbtWJvMnVqW7XPXuwqMR"
  },
  {
    "id": 84,
    "hash": "QmPChMb7qeaXURgDpvCRWHeU1CS1L3zdaRAu6fqKbWpkA5"
  },
  {
    "id": 85,
    "hash": "QmSjNdmodkHzLbpLhnxNDBNqnaQYJuNhfYFhZeoawJkXba"
  },
  {
    "id": 86,
    "hash": "QmQhpDfLVcDBZcEHW7wg59XkxBQQ37ungDtCm3pGZEbS7b"
  },
  {
    "id": 87,
    "hash": "QmWvJeLF3bYe2iPdRNUSwk57WagRMFpgc6UngzqJL96syi"
  },
  {
    "id": 88,
    "hash": "QmeecFhnxwA7haFso4Wv474ybc86n471TWfmEzWjLvDRoG"
  },
  {
    "id": 89,
    "hash": "QmZYqNx2ytLdvV1NXDbksBq5tYSyf2mFHs7tZmfGLoqvgg"
  },
  {
    "id": 90,
    "hash": "QmaGoG69RgvtcCHfV2mXVnchSkYvJSPuAYJxJQGF4AGXdP"
  },
  {
    "id": 91,
    "hash": "QmPTXwDLRnXQQLEoL78hYm3RCzrshU2zpaDJ3nUF7R84ZV"
  },
  {
    "id": 92,
    "hash": "QmZ95VdJatWczedT5kfGWo7Q4WmnqBgeWQwDJvfDvGtf8B"
  },
  {
    "id": 93,
    "hash": "QmWkHmzccHvdXJsFcBGvffhLWjaFk15ENLutDFvUPddphU"
  },
  {
    "id": 94,
    "hash": "QmYdMAYB8KST4qaXSDtY3HAGKiKjRhLzBwindeWic7oJJY"
  },
  {
    "id": 95,
    "hash": "QmcK5ZsoNvNYSnWyGBNXTrjeLV44KHyj7hWmfEKhhnBy8V"
  },
  {
    "id": 96,
    "hash": "QmSAJoZ9Us7uXjyZqjkUiJ9Xhg4EKCBdzDDLwMWBdHT8oq"
  },
  {
    "id": 97,
    "hash": "QmRzGkvgfpZ8BKspu7Mw6KJJsHhxSQpJZWg125NZR8oGhM"
  },
  {
    "id": 98,
    "hash": "QmQFzne78BDFbh5AG896Q7nFBCDfUWwH59sSDG24ihrq8B"
  },
  {
    "id": 99,
    "hash": "QmPj4oyPErdJwkwe76WV7tnvGYTiNQnYWQjDHqCmtppLxA"
  },
  {
    "id": 100,
    "hash": "QmWvgnM6NRuJ63DSkcSSPH3hb3NjrDK1njwUvpvauQGHHv"
  },
  {
    "id": 101,
    "hash": "QmQpm2tskR5ZYFJ9zpewcXyPwmKBvHSppgmmsbXt8teoXk"
  },
  {
    "id": 102,
    "hash": "QmNpyxsRgMqiVUziZQwytMwXTFboUGxCHXudRJWm6h8rQz"
  },
  {
    "id": 103,
    "hash": "QmTsQxx1Nmw7eQ6sag641J5e2LPnVfrMxqLBW84jxNVDw5"
  },
  {
    "id": 104,
    "hash": "QmQQyTse9qcTtPQFQmRWSbQagqp3ho6ibWBu9JoUgHHdgc"
  },
  {
    "id": 105,
    "hash": "QmPKGkyargYnWMbgRjBE1FBP7hxuRH3Saodh6Fgw2K5vRm"
  },
  {
    "id": 106,
    "hash": "QmbFjPpjNypfvqum5pjHvrTFe8rRS4dmT16t5a61iDjai2"
  },
  {
    "id": 107,
    "hash": "QmbMFg9uAao4sPDfPmQPP13gJKLtmnCdXkvmz6WJU1asP9"
  },
  {
    "id": 108,
    "hash": "Qma4dekTv4s9KH7hG5HD5MFTtuPjKie1aV23vpbS3stsAz"
  },
  {
    "id": 109,
    "hash": "QmaipDQnZnnPcPK4vWbhFT9nZYKAQCoQUazKUgr69YLM7u"
  },
  {
    "id": 110,
    "hash": "QmafKktEx6Vk4emHw3cX7QXkWih2YzrhyMBpKmWkVLpxmt"
  },
  {
    "id": 111,
    "hash": "QmTEynFSHKhp9RyxKAUcQSbYnP8sdM3hCmpd7wXyuRj762"
  },
  {
    "id": 112,
    "hash": "QmWZ3RPHALdndaXUWFKBP3ASLRaEiKgVMuZPx6vb5EbToN"
  },
  {
    "id": 113,
    "hash": "QmZh9hNjmuisnAgsPKnsGWMyeoY81ZsbghGfQ5ncJYPdCz"
  },
  {
    "id": 114,
    "hash": "QmfQfE6F7Lt6VqQCufdvhGrigYCz828hoFnErHC9SoUi92"
  },
  {
    "id": 115,
    "hash": "QmXQzSiuTTB6tsNuFD3ZcHEKuV8sTj6AFn5ZmvvQp7yECz"
  },
  {
    "id": 116,
    "hash": "Qmbx7PZhPKiSFL2D2LqGeYB7WfxjUkb5Zi8xPMvu2cFB8i"
  },
  {
    "id": 117,
    "hash": "QmUYWbASjvJYhEHmAdnhX3FeT31qoKNj4KjsSV7dmLaqgF"
  },
  {
    "id": 118,
    "hash": "QmUd2GJurcaBUC3GDB7KkvnT37Z6zWCMjMJ5CT1LTRGLjv"
  },
  {
    "id": 119,
    "hash": "QmQpFwXgnPpRjPSi4YsHuje9nrC6B4WsiPnZcWHDYqMKgM"
  },
  {
    "id": 120,
    "hash": "QmPDRPkW4Do7HHcm15V2XcMTcyvj6E5F8ePECuMh64mUCN"
  },
  {
    "id": 121,
    "hash": "QmbiifttJSV87ndJ2msQvCQsQCTnxbvbbLHd7uHz71ykcR"
  },
  {
    "id": 122,
    "hash": "Qmd1gHMXs1MBBTn3qEmi4db8DeZXY3fMc1Yh2ET6GtBSzY"
  },
  {
    "id": 123,
    "hash": "QmYc1DUzPdcigbLS1qQ4ZLMXNAwBMYakxHGbpBqQZXA5fy"
  },
  {
    "id": 124,
    "hash": "QmR5tT75dNbwDyvRuPwC9wWYoEdEWbWiEFrbpvhSbrqhEA"
  },
  {
    "id": 125,
    "hash": "QmQHKjuZ818KRCARjqCufqXZM93SG4iDFc3eFhwVFGDimo"
  },
  {
    "id": 126,
    "hash": "QmfQDpkZzZib3ooXtgXbY4ymhCpKa97JUTEsh6Fn2uy4RX"
  },
  {
    "id": 127,
    "hash": "QmPopjG7aYi7REfuQbptLaS9wTsBbaaVWG3Ke9SWj2TdYD"
  },
  {
    "id": 128,
    "hash": "QmbT84HtgFuAeAJE6zdmW2DFsi6Dn442Emm3tv2BeQ8uzT"
  },
  {
    "id": 129,
    "hash": "QmTVXRDadvwvFBkGN7PZB8asntUwRaG1pXSEsuCKtD2ps2"
  },
  {
    "id": 130,
    "hash": "QmajWMsXCs6XSyMH2r9MpFfpFRZYdoTY3GPFqiHgkePsAA"
  },
  {
    "id": 131,
    "hash": "Qmbips4D4qVb7kf8oSj4tJTiQb4tLmwQP2hMwzahjdXD5Z"
  },
  {
    "id": 132,
    "hash": "QmW6FnUqEtCXqWkAvvk66hoctx2NE5rxnoW28rK3kQ4Mg1"
  },
  {
    "id": 133,
    "hash": "QmfBaAe34W7USsUFyedqM44kQG5hb9AbuNzhPDpUjRLF8Z"
  },
  {
    "id": 134,
    "hash": "QmedvNnkoNQE1v2HHAZME4AdRv72RTRJzsKbPZUHCcBYTV"
  },
  {
    "id": 135,
    "hash": "QmTGJsc2boeyqFB9CaMEKtKtRTse9urRkAA3R5v52DRmU6"
  },
  {
    "id": 136,
    "hash": "QmTH6bvC96NkdiQVFLsnvCxKr8CMYfzx1hT67qYFBeLwVk"
  },
  {
    "id": 137,
    "hash": "Qmep5epmfuoqbAEtNULEjJWAtQuHQVQF5ijjKCbe4SQpou"
  },
  {
    "id": 138,
    "hash": "QmSptUrV2d2mR848ME4hkfXUR8VseLZz4MReuzcFtQbyr2"
  },
  {
    "id": 139,
    "hash": "QmctoYP3qTfcx7xUVo67apcKb4CY8amL8FiZ6pfJTaUB6T"
  },
  {
    "id": 140,
    "hash": "QmTMEfhyy1ia3JpazRPyhzfwi1kALFLEzurqVWRFx6nzer"
  },
  {
    "id": 141,
    "hash": "QmeNUhFnyyu5qNDXsdwBgwJWE5naUrhNMLvL9CqgV7ahrg"
  },
  {
    "id": 142,
    "hash": "QmYgNMyPQvXWYbhLLqDVseJruQyGRzjqV9UeFwUCzixggZ"
  },
  {
    "id": 143,
    "hash": "QmPek4YFLgkRLxtsNANdy3zCqNuhj2qVinSCm6EvVFE5vU"
  },
  {
    "id": 144,
    "hash": "QmX2sr4psJLvHJ9csccimp4w8Dy5MR6ZBkpaVi6uf4A8BK"
  },
  {
    "id": 145,
    "hash": "QmbZ6E1DGksjceU7tE3DpXVmo3buVGeL3hSGtzJP3sQDPE"
  },
  {
    "id": 146,
    "hash": "QmRXDtfCbpdRiJmYRCnCd6xC8ZhEdm4GYz3Qt4imDqscvE"
  },
  {
    "id": 147,
    "hash": "QmUB5KQ6N52849t4cPsJBHbFR5c326TTJHQZNbUhgZjAwF"
  },
  {
    "id": 148,
    "hash": "QmWzpkdwQ4U1t6ki1jET29hosHC56STGffAVScPMqeRRTq"
  },
  {
    "id": 149,
    "hash": "QmV3pS4GVSS6Witx9QSU6W3XyCKoa7yuGX74i3QtdQitUo"
  },
  {
    "id": 150,
    "hash": "QmTmdXHNFJm6G7eVjWKBRANzw4dE6bZkv4y8Y7KbgXaZZd"
  },
  {
    "id": 151,
    "hash": "QmZEycm3qM1nEb5YoKJzg56eNR29ZFvbdkh2h8CAwyupj8"
  },
  {
    "id": 152,
    "hash": "QmTT9VcL3Fx4g7p2apn3rfcTGSGU82TyfQaTbeacAAqy3U"
  },
  {
    "id": 153,
    "hash": "QmZnbBDsDqZcSPCec1ncFqa7aB8LKVsqpwAQcyoe7K4z5j"
  },
  {
    "id": 154,
    "hash": "QmZbmWZ9xmaLQ8mZme73rZYiQnfDu2Y7UmmJxxhtgvgs46"
  },
  {
    "id": 155,
    "hash": "QmcLcnWDQFtUduBgkhCYUioxH6L9uMf6tRh5BMgw9H8Vxo"
  },
  {
    "id": 156,
    "hash": "QmTY5W1naLw3rE34gbsL3fS6EuCi2wEi1J91GMsh8J5JP2"
  },
  {
    "id": 157,
    "hash": "QmYBEtL2TGEeG5sFsHzy3MP5chby9gke1jtfZggpb4oCbH"
  },
  {
    "id": 158,
    "hash": "QmeZPbfudkNTQGEKoDZaDqu4WFR5N7ggUojspKErYxq4DQ"
  },
  {
    "id": 159,
    "hash": "QmbaXrykTyW85dV2SR8HpK5r8HQ8YFzc3PNpQv8Q6DKVwP"
  },
  {
    "id": 160,
    "hash": "QmYML6JumZFzK5pS1Thf7sMkDRiaHc4CS81NscvM97qJfF"
  },
  {
    "id": 161,
    "hash": "QmPZ3X8zAM1drxP9R6yqUCYTezLqgs4gevzV9XRuqK1NtV"
  },
  {
    "id": 162,
    "hash": "QmTxCiSxAPSrcxEvac4hSG9FvMPKiz4x5C6TzKifVaAhpo"
  },
  {
    "id": 163,
    "hash": "QmURNF5eiX1ysozSyEMyUwbic353ZbJcjUkL6xP3Tr9MnE"
  },
  {
    "id": 164,
    "hash": "QmVqMysJYK39dQHEy88aYo28jg9PWF1WLzvYcqAk18vhkw"
  },
  {
    "id": 165,
    "hash": "QmXcw93dGQPXrp97B7rvi6Nku6Sw7LyJgUpbczaB9De5AE"
  },
  {
    "id": 166,
    "hash": "QmQhVgasuPJrhGB1kRHFGVc5ZqUPGvsMPA1cfW3ChpsDgg"
  },
  {
    "id": 167,
    "hash": "QmQudsZqEteANhAE8wEEpeFdTGs85rEYmhj2YRRxqZrdXk"
  },
  {
    "id": 168,
    "hash": "QmcfEnKBHwtHroib9rYp5kDNFjCitwSbDr2zQd4oXZEkSn"
  },
  {
    "id": 169,
    "hash": "QmQcyKFJrfHcXGHkndaqkGpzYWNjLrisTfEvjcZQqsDXp2"
  },
  {
    "id": 170,
    "hash": "QmenXa55J1rT2U68YC3RzPQX3aQ1Aw2bVnyACwdn3fe8Ub"
  },
  {
    "id": 171,
    "hash": "QmYKYQhF27VGWMhjVrQgbQzukfETiEnWSYmoup7SyFbhgL"
  },
  {
    "id": 172,
    "hash": "QmNk4UMaXq1M6xQ9bgXSyuxLEdQ1o1RDsBFutCofEkTzmW"
  },
  {
    "id": 173,
    "hash": "QmbAJveY47X4mtv7NdjjscVkNsiBxB1gccpdMin8UfrGfv"
  },
  {
    "id": 174,
    "hash": "QmcmXr9UcravYsDTRvoazknvFTN65RC2QHoN1soPvDGrfi"
  },
  {
    "id": 175,
    "hash": "QmeuCewP7qFd3sUiFXiqUXBoVjCGWYkfGawinz9RehVoVz"
  },
  {
    "id": 176,
    "hash": "QmXWo8u9pxQNXqaYuyAxiv453yfogYk8HYrWvkTUcTSACD"
  },
  {
    "id": 177,
    "hash": "QmV2caZNckev8XnNY5QAYm89RzhMiLdSx3DdTKdMMgKq3a"
  },
  {
    "id": 178,
    "hash": "Qma4vPppvUoPdzHk9CJdWedbQZE7nWYpZXU8ZTvpro2CZc"
  },
  {
    "id": 179,
    "hash": "QmUs2gMjLdZHSF1oxzAknoftJ7h1kotagYPZgVHysCEXRJ"
  },
  {
    "id": 180,
    "hash": "QmebmbxdrAzen94AtJSQQNRtFrENcHrfBe58P3c5pPZ9K9"
  },
  {
    "id": 181,
    "hash": "QmavYSwTWuUN4j7cZzDfxCFoRdh5NqLCTw4FdwSr4Lnbtt"
  },
  {
    "id": 182,
    "hash": "QmXkQgjxxNKCD4sHRUZ5SGT7vRSz7TsqK6pAhcQ78oHfrL"
  },
  {
    "id": 183,
    "hash": "QmUUmvYxhhvskLrYCHLBDqjGzsH4vbtfs1pCaTxZCT7kJ1"
  },
  {
    "id": 184,
    "hash": "QmcVvC93Dma5GN3D74zQgQnQXVGAoxZKvkoZcq261vJ8Kb"
  },
  {
    "id": 185,
    "hash": "QmQpQ5tXRfSHADxeuCxQKdQJXxrRtk2AeTXby6Ya3FYjEd"
  },
  {
    "id": 186,
    "hash": "Qmc7fYYFt9agLENKBg8toNpyxFoitfLYj7mJdFDae3H4ik"
  },
  {
    "id": 187,
    "hash": "QmWg8bFxB8DM6nzf7Zd7FNCQQb6gySvhJFsVSW7SrLmq6U"
  },
  {
    "id": 188,
    "hash": "Qmc6QfkQ4M7eRXmzyXUFfSCyYjGYhm4tqwAr4S9wspoKq2"
  },
  {
    "id": 189,
    "hash": "QmaWWoncniBQoRB5EyCcCJXJGzJtzdnK4NdzykLMtJpLqF"
  },
  {
    "id": 190,
    "hash": "QmZxDhDPXsSocKDVjGLk3haGh4eXyR67R6cJ6nzKQWwMQN"
  },
  {
    "id": 191,
    "hash": "QmNgZkAzU8gsk3v7Wpcfib7X2cyt3WsSFvK2U4QG5EepHq"
  },
  {
    "id": 192,
    "hash": "QmQe9m5fedyqcc922takXQkPEhndPiQ59xS4HuHFiEzXop"
  },
  {
    "id": 193,
    "hash": "QmQNh1oJNFL4rdj4uTJK7WqAzpGh6FzPrXFcTmkkniAety"
  },
  {
    "id": 194,
    "hash": "QmXi7Bm2DpFwFJQVgbo3U3f99ckG5Tx9vD15scmBLz1zEx"
  },
  {
    "id": 195,
    "hash": "QmX3WYb5sjQwMD3V5FkAnwoDGGUYKT8EHWEANWTEz6QezY"
  },
  {
    "id": 196,
    "hash": "QmSEd5id6AHk1AXiM2dPXNwyJbg6bmhtnw7wx4BwzP5WVW"
  },
  {
    "id": 197,
    "hash": "QmPWqUmxQrwdUhc5aJoqJxCWQriEVjfycsbSuxTaBMv97b"
  },
  {
    "id": 198,
    "hash": "QmfRNTWBNTQkPZRfGpnM7KWBrNxbFqqFsm8LrEb7qu1qBi"
  },
  {
    "id": 199,
    "hash": "QmQxwreoUY4fRjGpZKu6nr6KuJioWvios56ZwnUvycM8KW"
  },
  {
    "id": 200,
    "hash": "Qmf2ZDB92wjkw4Wo9bXCyCjFwcfwM9ZuRZtMZkPcn1Q55j"
  },
  {
    "id": 201,
    "hash": "QmciHZ1eXD7f8PUzjv2AHY483LoeafMC8SxWXD3dKZAnr6"
  },
  {
    "id": 202,
    "hash": "QmVh7p4sfQJxenmT9UVp8hmyZvPzhY8tHwQEmwh1fw6Hxy"
  },
  {
    "id": 203,
    "hash": "QmTaVzNYWiT4JvCGFMrfcBHo2scw9roHktxwtRpt7ELuDS"
  },
  {
    "id": 204,
    "hash": "QmdoVxK6xYiHQ7avWeZJ5rE4PfewpEuHf8ixrJinyX99oZ"
  },
  {
    "id": 205,
    "hash": "QmWdJa7GuvVNiqSoXT7REiULQL2ivBsqCAP8Y7H4rKfDFN"
  },
  {
    "id": 206,
    "hash": "QmSChj1D6qverdN4b8e6M98kn4axn6Y5og5UGX9sLTMnAi"
  },
  {
    "id": 207,
    "hash": "QmXUHGVrJ3g3zwrXjijdn6oyS6peyFFn5EYHWuXATkZYWU"
  },
  {
    "id": 208,
    "hash": "QmfEzgHrkf2VFRNVyHm8cfnufpxbWaEGfwZuGjQtq4t7xw"
  },
  {
    "id": 209,
    "hash": "QmScaV31x6oh8qC4e1qgFwE6XLKn72ZPRE8tDUoTTeiaak"
  },
  {
    "id": 210,
    "hash": "QmaiC46kET1KEtQDVomKTkkG9cgzGKy6famaLMVE9d3q35"
  },
  {
    "id": 211,
    "hash": "QmVMA32Z9EPpzmS2tvLNLq9Mztt3x5T92qCKLjiW8Zep3t"
  },
  {
    "id": 212,
    "hash": "QmRnGtPUfvsfZFVauyjfTs8CEvCpUPfHoi6qczxVvrvE5W"
  },
  {
    "id": 213,
    "hash": "QmZuWrme4ztoCMenbm7iFxzvHg3aEGY8EcCnGKn8BRW2P9"
  },
  {
    "id": 214,
    "hash": "QmRtwky1eC6wCgvbkuopPbej8Rvr1WT8tfkTgrEckfQYJa"
  },
  {
    "id": 215,
    "hash": "QmYa6HjoyvXy4CbH8Z3pez5sFMJy9VbgSHyFkwBu3iRUps"
  },
  {
    "id": 216,
    "hash": "QmY717ZZAyo4XJuY9aLqZmC6FfuJdTAohaAf2t9kVKvFqM"
  },
  {
    "id": 217,
    "hash": "Qma3n3dv7dz6ZVJsp1H92KC62zbQeXuJoLUyUW1Ly8EtVv"
  },
  {
    "id": 218,
    "hash": "QmTHv5f2u351PfAnfnTUtwoWj8hDTEJVSeKfbfQPcvMYD9"
  },
  {
    "id": 219,
    "hash": "QmdDkan2Abo31TgzBXjG9aUyjVFXWmETeVufxXEYGPGAmY"
  },
  {
    "id": 220,
    "hash": "QmdxjAggVHUs5Zp6YAWNAbFut8q1KB8tgfwbp7M7o7Lx4b"
  },
  {
    "id": 221,
    "hash": "QmZmrXhmg7CXyPaLfian9eGni3b7LYUv2Sec6wuoetYUsT"
  },
  {
    "id": 222,
    "hash": "QmXRkC4scE6E4Ua7qPK8uHTQo9xLbt5wV5gKpmx35vn2JX"
  },
  {
    "id": 223,
    "hash": "QmNbGDToBxUFrJsTPrYJUFLt3WDAvU1SGH2wKg6ZvaySTw"
  },
  {
    "id": 224,
    "hash": "QmQC6UtsnXViihmYsoPEST9a7kcpnLnegSi6zgA99pKj3S"
  },
  {
    "id": 225,
    "hash": "QmQHsX2EVrV8H7QR4T15LfoauqFY9oMkwN4cQf4taTvW4V"
  },
  {
    "id": 226,
    "hash": "Qmbb5xJwLMvYNCL15ArwDQHdvB2JJ37jFW9N3Gu92mfyLj"
  },
  {
    "id": 227,
    "hash": "QmS9AxAcXQSAxn27BkxdNhEscLnXicNpk5fxJDMhiraTv6"
  },
  {
    "id": 228,
    "hash": "Qmczs5bGDfopwtFs1o59tCUj76H6YnXtN6dKmoRAc19gcH"
  },
  {
    "id": 229,
    "hash": "Qmasfa8H3dyUSPJ6YrQZezva2sMSAmh5gHCCgsmsAfVrM7"
  },
  {
    "id": 230,
    "hash": "QmcBAh8XrvFwPQS4STeVR6mJWVmJejEcYZuabCse57x9e3"
  },
  {
    "id": 231,
    "hash": "QmavfgBpL194o7UQjgZaqi2w5VFSBDPAUYftaooahhdw3Z"
  },
  {
    "id": 232,
    "hash": "QmdNhcHapKhNcy1BmkpyiR7SKVjSbuRe7DXHWEk6fxJKnx"
  },
  {
    "id": 233,
    "hash": "QmSt7A7DUpbKrfH5ffMMLfH5qk9oKWfTQvtFuwuKnCaP3K"
  },
  {
    "id": 234,
    "hash": "QmUj8SgZKziFwyxSJBYxWAZfAqECPwbqNNpe99JGdr2TqX"
  },
  {
    "id": 235,
    "hash": "QmVspewTiQMovFuvnrfaeYy9YWJSMYgTaVPk9hrDER9j7o"
  },
  {
    "id": 236,
    "hash": "QmUBgDbKp36oGUvC7syCFauDJ3is6R4RRQwaqJs4QsaYjS"
  },
  {
    "id": 237,
    "hash": "QmPJx8dLaa7XXpg372Ty4oUhRCVVH44mx1AtcniA2898MM"
  },
  {
    "id": 238,
    "hash": "QmST48H66sDseCfScuh5ohcRQCgAtmUsuHkwgaVz9bkUvg"
  },
  {
    "id": 239,
    "hash": "QmXRcCzXQRpfUa9FY4vnkvpisQvTe5cdZX5YECak9cLVQj"
  },
  {
    "id": 240,
    "hash": "QmSPsMy5k8fmJhHNsoKiQ5rAy2WEh6tVSBwYpxAPF43rWw"
  },
  {
    "id": 241,
    "hash": "QmQURh5SRPiPbcQrWGBiipS9cbZeFccGi1RuavYw8XQ2HT"
  },
  {
    "id": 242,
    "hash": "QmVUe2Q2iJMMxKe7PCPo4ipgdSUTKGYRKfzAqHdZHXaUJW"
  },
  {
    "id": 243,
    "hash": "Qmaspq9enibqEXiBG4nA3176yVYC22TCgNUTERaAS39fLs"
  },
  {
    "id": 244,
    "hash": "QmYKB6xnNzHY1hzxC7vhCYXz7KbwuT4jC5xKQYDXLKVzkP"
  },
  {
    "id": 245,
    "hash": "QmVZ1UTAvNqLLSeTj3w2WHTfsxjN9haHPB4eY2NWbF9L3v"
  },
  {
    "id": 246,
    "hash": "QmZdNGS8xC6adUUY6oNC3W38pfWv4CCT1JW3eikduALPXZ"
  },
  {
    "id": 247,
    "hash": "QmaoYrHviDz1BnPk8Ggqxuh1KFD1SUSoqpv7fbk3teKGHg"
  },
  {
    "id": 248,
    "hash": "Qmdg8m3zTmKoWxDeJv4oVsmRh4fzhopeYYp9PMS7NLCeYM"
  },
  {
    "id": 249,
    "hash": "QmSGAeB1xsaz4o2vnkH67Pjuw522pjsQ1XFpnB8invErdJ"
  },
  {
    "id": 250,
    "hash": "QmaDeCVMFn4m44PG8kCU1nRoTr8u2paJcHvhfzNXFDZzRb"
  },
  {
    "id": 251,
    "hash": "QmQityLqMUQJzX3gbrQoQPvcFnGWSYjEGHF2t9xiVABmdZ"
  },
  {
    "id": 252,
    "hash": "QmZxMzEnvqnouDMrJysoGLUYxFbL6qWVgHFn5LP7FCMwTg"
  },
  {
    "id": 253,
    "hash": "QmNorHyaAQqBaJFgmtoD8umw1LzRPT8LtvNGeNsnAKrHJ4"
  },
  {
    "id": 254,
    "hash": "Qmaaewu6fbn9sXBnyD6CzmLVQ3g8D8kDCye9p5xJrfbUjw"
  },
  {
    "id": 255,
    "hash": "QmbfRdzW5Pjf9XiD9d1nvyJUcvQYLB2pqCLyoG77sSLwue"
  },
  {
    "id": 256,
    "hash": "QmTt7M2NMWETQCZvT9rjL6wHW2vVefs9Y5RWLnBqGkeB28"
  },
  {
    "id": 257,
    "hash": "QmPwjXzB4XGgkRHUxmdDW77FMB6b3y8kJQCAVNjTj2Fv6b"
  },
  {
    "id": 258,
    "hash": "QmfL8Ds4jZnRh7N8sKW3SiW2KijkvqZQCmpwtTRQuGU8Vi"
  },
  {
    "id": 259,
    "hash": "QmR6uWFp8TFTPxLCShvMLesf7hSVD3uJyCXucc6TyZagcV"
  },
  {
    "id": 260,
    "hash": "QmYnZis31qNPa9nWrPfFWKDNNZDU5GXsLPjZGaUjPZ61m7"
  },
  {
    "id": 261,
    "hash": "QmYonpkZ9FctrWS8DUNea9UA9sHedwz54akmrFjC8nhmZs"
  },
  {
    "id": 262,
    "hash": "QmRh99xZpSQuPj4qacx6R1jQtYMFj7gEjdqEaHJ18Giuxh"
  },
  {
    "id": 263,
    "hash": "QmS3rtLP3PBCwMuUbstBMTbvURnbR8GFgyw2eqQ1e7qXJZ"
  },
  {
    "id": 264,
    "hash": "QmU4jzxySHhLEy5cxNo1xcUcbDeY9cN1qXvqx3JWrKQdYx"
  },
  {
    "id": 265,
    "hash": "QmQF7SuHYQdGTRegjEc9YhvNDoc18NQqcGeYntPcUYofF1"
  },
  {
    "id": 266,
    "hash": "QmSmHGAyjNUV6ZGH1JviTDQR8YwKWfyJm3D1qPRSpGPtj6"
  },
  {
    "id": 267,
    "hash": "QmV7shVapgc7rxQernQUJKsFhnWHPHZmi1jDq7EtTQ991D"
  },
  {
    "id": 268,
    "hash": "Qmf7p98fmDdtUJQWzrGR3ic3PKze5RBz4vzFUMFRZ6N1hZ"
  },
  {
    "id": 269,
    "hash": "Qmdwh76jz8APRGzr9steP4YwZq8GmPxtCKjYTYaamZcyYr"
  },
  {
    "id": 270,
    "hash": "QmbFubWbnzB56m9EJJXYA5ZcfCrwmf7ZFaBmsji4Kbsd5Q"
  },
  {
    "id": 271,
    "hash": "QmeizWwDq4eJrN6kgQRDimHFB7zN2tMnERELFS1xXvSh4S"
  },
  {
    "id": 272,
    "hash": "QmZY3mBtRNQkiYRrSuCuFbgcL98bJZCUmguG4Ae4o3pA7A"
  },
  {
    "id": 273,
    "hash": "QmWKzBhNg1nUqr56WUpLuQkXtqMnCbAtAFpPddnGjhxR6K"
  },
  {
    "id": 274,
    "hash": "QmdyroRruoCxBTGpgm2FB6agnMPao1VWptqGen9GdmveJg"
  },
  {
    "id": 275,
    "hash": "QmNTZ7LMr8zRhfmt6xGZZXTB6evowVQzK75AHrqn3pwXbu"
  },
  {
    "id": 276,
    "hash": "QmPkqJeogZaPu3kD384A7GF6VSBXhcNxyjt9TuezLYENNd"
  },
  {
    "id": 277,
    "hash": "QmdsvcR9YCfrDMYNmEgXZLwzY5eBn56219mA16W2Jkf9aN"
  },
  {
    "id": 278,
    "hash": "QmUKGBGbMJjL5U342cKiNSRmG5Mhsjf3QMJvYAVFezWcgj"
  },
  {
    "id": 279,
    "hash": "QmXQSLNi2Vn95kCHhQN8c7pVe9FjAxT1KYD4PMGhAtdfJb"
  },
  {
    "id": 280,
    "hash": "QmXNrn2fFjNbV49hE5mkM3E564yQksDUHCyVpM4w7ZvfWC"
  },
  {
    "id": 281,
    "hash": "QmZQd5wz9izpshGUdiW4dBHDPkyKkmTphmTEDxhSzpzwMe"
  },
  {
    "id": 282,
    "hash": "QmfT2Pp1ihFKjhJQYTQGiET1nhVS5RkYCFT8GrGYcnxma5"
  },
  {
    "id": 283,
    "hash": "QmdWmPjYubPUa7XkThwPbdrf71Tp8KNojzW7nzpZZGBJbR"
  },
  {
    "id": 284,
    "hash": "QmUxCTUCgQ6eTVDwDXfCcqzoc2duYL3XAenQgw4ZZLisSx"
  },
  {
    "id": 285,
    "hash": "Qmb8c5NJPYycDk4NtsTgFPRRAVyhrWv3yC5shkA36hciMM"
  },
  {
    "id": 286,
    "hash": "QmaSP8uQQHwMmZ5TeXhTEtys9TGsUrLB1zTTe4M4VzrB7z"
  },
  {
    "id": 287,
    "hash": "QmUDZKaUXJu18uL2msKUFqqRdE4VTBRmm5mkYGceBGPzTp"
  },
  {
    "id": 288,
    "hash": "QmR1uVhApXFX9uxuPaQgx2gZb4LgsocLUVJ3F3yGQcSGsc"
  },
  {
    "id": 289,
    "hash": "QmWkC2238k63YGsQ3VgCDhQ2eJ4zoVyfEUtw8GyCezgePq"
  },
  {
    "id": 290,
    "hash": "Qmf2vvGuZd1a5nAgNUKLHisd1E3rEPfzZ8JHHHCHy1zHq5"
  },
  {
    "id": 291,
    "hash": "QmQgyVGHeh4w9oQzGizCh5ReaHEfBAgPmpicUhDb4bD85C"
  },
  {
    "id": 292,
    "hash": "Qmc1JmQAGL9A8hBuZEe7b4FLr39tey2zhp71Dd7fsaudws"
  },
  {
    "id": 293,
    "hash": "QmRhiz4S63vGaixqkdBFFeLuK5PDspinZ1SQV437tD51yF"
  },
  {
    "id": 294,
    "hash": "QmVJjakHz58aRWJq7jrZbpsHDNDu9j86D3rbtCF9jjfcwY"
  },
  {
    "id": 295,
    "hash": "QmTQmCWJbTz7ousDnk6z5Di26LGfXvugWMwqoyeJry6QZd"
  },
  {
    "id": 296,
    "hash": "Qma8gFyeCH6LvqmF73fqLdJxQ4moejhdfYDhhLBWwtiyVJ"
  },
  {
    "id": 297,
    "hash": "QmYHEUASG6eYVREFUKJ7oJJdFxYTr4KmcfcpfBZEGTiQZ2"
  },
  {
    "id": 298,
    "hash": "QmaPgx5SAKos5hsfogZSvZLyxkCXsm72PCbCcLFCaHz956"
  },
  {
    "id": 299,
    "hash": "QmUiuNGiZHvPZojrnGt8acssvdMaKToYFN4sBn3Z6sqV7Y"
  },
  {
    "id": 300,
    "hash": "QmQKefy6JR2ppTfmH5BkgyPNc17kChHi3cUc3D87mB7x7h"
  },
  {
    "id": 301,
    "hash": "QmTwySF6vRRzjVpUuqX9xswntD1YrzAonQPhFXBc1hZkgX"
  },
  {
    "id": 302,
    "hash": "QmUw8VpLFgCCPxp5wpmxqQdQnS14WA3LoBf9sJ3o61S4EH"
  },
  {
    "id": 303,
    "hash": "QmSyi7DRgSnqh7XFWNobVNVzDAW2y3gwozoSFsHrDKvR41"
  },
  {
    "id": 304,
    "hash": "QmYu4pJYfg4QNYaecmjyUjbc3WD2GrZp5HV3q8jvveJMQe"
  },
  {
    "id": 305,
    "hash": "QmW6SaifQRP4BgtTRGMVEdz6W5YX2zEnTk1mWBruLYGphc"
  },
  {
    "id": 306,
    "hash": "QmXVjR5X68uG4B6nVTog2aKyCUevpdKahDb1fYmizoJck1"
  },
  {
    "id": 307,
    "hash": "QmejfzE5XsHaYF4vhPiQT12Tkc7dZ3LUaThcxmo5X5c6HC"
  },
  {
    "id": 308,
    "hash": "QmeWWqjaTqvmcVpz7LQSFvuryCYJHdYTRxajPfwQYBKCEY"
  },
  {
    "id": 309,
    "hash": "QmR6deNsoZ9ZdmZBHRw3fcwQU6b3oW8nHASwVHz8PefaJY"
  },
  {
    "id": 310,
    "hash": "QmZ9Fa71i3ieSUGQk3pyxZKUH6dCZVATLSyhot4kniinNx"
  },
  {
    "id": 311,
    "hash": "QmaWkouEKrj9t9tjAcqjbCL5FzTXvGXd9PKTuwsU343Meo"
  },
  {
    "id": 312,
    "hash": "QmS3ZGcWWKLHHjNTe6Hjj4FtAX4ALs9DJb1uv4NkTwk1gf"
  },
  {
    "id": 313,
    "hash": "QmVTTaZfFMSUEAZWYooJr4C8vGMSUo6Ur5zb8v4b41LGVd"
  },
  {
    "id": 314,
    "hash": "QmRVLRxqrAxGQedXk9P2Y9EtKzPExZJLCDRsXUi3z4zDQs"
  },
  {
    "id": 315,
    "hash": "QmS7xrXDwbueciiiBDRs1TNHM4uwi7ksXdDD8ABocH9yLq"
  },
  {
    "id": 316,
    "hash": "QmNnfWAmS5Bwr9QZtdjMQu59WB8BKPkranuebcw6QQiBPY"
  },
  {
    "id": 317,
    "hash": "QmZwQiJsx4wLaMPZdkFv7YRbAkzxUavQXhMubJZFt7SjwH"
  },
  {
    "id": 318,
    "hash": "QmSxZDvpqMDUPKGqSoP963SnhkSTkE5WhgvmzcJWyiLTeF"
  },
  {
    "id": 319,
    "hash": "QmX9ehVQEdvvKZz8695xhSrR1t8SnG8sx2BMYpVSjtqCVd"
  },
  {
    "id": 320,
    "hash": "QmcCdcrdtpAetyB4anpgKrZkMAghkFDswqRejDCZvw8YLt"
  },
  {
    "id": 321,
    "hash": "QmNZZttmpqyiWRvf4Nkw2LmKZv71avuLquZSaKiFt25vgp"
  },
  {
    "id": 322,
    "hash": "Qmd79YqAbfvGWoJivjuR3b4NNAGZzN8bQkzVayNoahzgK5"
  },
  {
    "id": 323,
    "hash": "QmVtznzE8zdXduqvs6te2AxPT8x4bC6KBeZp6TAGJFPMob"
  },
  {
    "id": 324,
    "hash": "QmPh91BjLvdA6aYVKtrJAFDbF94uCS7vG3hmGukt3cu2k1"
  },
  {
    "id": 325,
    "hash": "QmT2c78JebShAgkSd4pzt9dB8UMAZ9ej1ym7wiKM9BRdyc"
  },
  {
    "id": 326,
    "hash": "QmXwZgBTpZdS27137tCT6kqjS6xQYraKHRbEvdsYdVF6zo"
  },
  {
    "id": 327,
    "hash": "QmefcypmhVxnRsVfsjGHmkVALPm6kTWDvcsg8RCTzyiXcN"
  },
  {
    "id": 328,
    "hash": "Qme7erjTkFSnsB7ZQDRYARuNhZKCDGCAQzJ7xQyzARBBzJ"
  },
  {
    "id": 329,
    "hash": "Qmbw7HM1ke4GtgG4rn32HM6P1A66kN8LYre7pQQBsKGfid"
  },
  {
    "id": 330,
    "hash": "QmUNmGnZRxfVSpk8myvBixhcSj2rgSF6g4tC3oE7BrrXc3"
  },
  {
    "id": 331,
    "hash": "QmVTLPWUzKTrbJRup4hpqGXxGBEmgsA55hhhjSWcYsPbj2"
  },
  {
    "id": 332,
    "hash": "QmX4zgfuaUSrXGf56gSuPaLrbcrpTuytf2kacHt1eR5rvH"
  },
  {
    "id": 333,
    "hash": "QmavLLCccX1XZtXmx5RLXMVkc85ocD7dv33gWGaQ6xwH8u"
  },
  {
    "id": 334,
    "hash": "QmXWZcWevTdsdHBNbtXcyFe1eCFKZkYZm7UuCA7jtNJE1c"
  },
  {
    "id": 335,
    "hash": "QmVFyDJGV2zAbYmrYoFFUAcVMpe8ZFit7qHLDbkj862KMg"
  },
  {
    "id": 336,
    "hash": "QmdPXi4VVoQvPj5bvyX1tr6h3KEQ4MqX6jkQdHGsKpGhJK"
  },
  {
    "id": 337,
    "hash": "QmRGy99x48wgks7bnWHaRhTr4e345pxi6Ctdtt7h3diyTV"
  },
  {
    "id": 338,
    "hash": "QmawszYVr5aiYqWeSuJRDRRoktYtoeWcXKHMLfsXo7jdNr"
  },
  {
    "id": 339,
    "hash": "QmcumCF7xuL8kRWNHT1YYkxoSDgJvx7kuxGD3PHEUnFiGS"
  },
  {
    "id": 340,
    "hash": "QmWPH8F1eFWAVAwDUBhGXsryu1jCh2gDqGrFi6Dn62XB7J"
  },
  {
    "id": 341,
    "hash": "QmfH7WAd9uzwMkJWVypRF4B5BpqjErqypHmGhnDoeWuFcg"
  },
  {
    "id": 342,
    "hash": "QmWji6jryV73RnKY7YPyqra8TPp7XFu1Gy12aWbGbe2KvF"
  },
  {
    "id": 343,
    "hash": "QmZXoQBPecjXnK1RQoXeVXVBKHx1DDwSvwmdu7VSX24Tfk"
  },
  {
    "id": 344,
    "hash": "QmQcesndhnV6JBTbYdSs19HRJWrh24jHzbshQE6QnCH8UF"
  },
  {
    "id": 345,
    "hash": "QmS1wQN3ErM15WoyBkGrDi4o4Lyg9AcTXpCWUFw7Mf5aks"
  },
  {
    "id": 346,
    "hash": "QmV57PQXRAKxQ1yuR96UdZWo9rKz59ZL4xFkszqceAMKFP"
  },
  {
    "id": 347,
    "hash": "QmR5ZCQehauaEGmw7ovmLBWpnQrW4Ei7rENW2DZh8H6hQy"
  },
  {
    "id": 348,
    "hash": "QmeFeafJHCEm6DrC2qzZhNt2Qkwvk8EmNwyaCgYHRDwCoD"
  },
  {
    "id": 349,
    "hash": "QmWCffmNyQFdiFpsqzU2HS1zBGrRVza4MEjib4827f8yzR"
  },
  {
    "id": 350,
    "hash": "QmPKiM36mdsVkWHSQjPZz99QrBHnePJVTMAdMqCCweQC8p"
  },
  {
    "id": 351,
    "hash": "QmXsdefbnLQuaL5L8nuhd91hP9CBma72tPrapRBk34xJYV"
  },
  {
    "id": 352,
    "hash": "QmbW5wU1twLVPYaQEmrNYnJMhrbD9k6YyJQVRFRKtJyFej"
  },
  {
    "id": 353,
    "hash": "QmXPhk71ufAmYYS5zRAUyfAn5EB9hdJgbVVXs7brY5FNu2"
  },
  {
    "id": 354,
    "hash": "QmUQCDFqNq8zMoShuNbjDd35Myprrc4QEq35gv54Tu6C9Q"
  },
  {
    "id": 355,
    "hash": "QmW7hxXSXf4vkEBNMyyG8ri5BVFTGrn5NuiMJVx3PGmbRF"
  },
  {
    "id": 356,
    "hash": "QmP1tTd6CovBbjmR6bbrzvvpaGjMk58s38GDW1QnNQLaG6"
  },
  {
    "id": 357,
    "hash": "QmeuV4aFgNNf6g6eLov2azfTJGgXwb6vVGQbFnWNQhBPDz"
  },
  {
    "id": 358,
    "hash": "QmUoEDQDvW8xh9key1aNQf7gGmBfSMpBLD6EkF5qu2J6C1"
  },
  {
    "id": 359,
    "hash": "QmU16GsNF7eQpyDKPQ9m8k1p8gBG3eFWSd1bmUUcf669iK"
  },
  {
    "id": 360,
    "hash": "QmdXcfKZTMsCrKEngpCBxQW2bGgCFTMsFbNGG9GY8zagTa"
  },
  {
    "id": 361,
    "hash": "Qmd57AUwL4UymEFy1bpaLSPiBzhHwD5zj2fFzU4289pGyS"
  },
  {
    "id": 362,
    "hash": "QmaAoV1CAZtUoroKSsVry7GbbkaR3XnVTREasJmpqkbnfY"
  },
  {
    "id": 363,
    "hash": "QmXmBWaKwfP5irSEnjjBJQMop1EZtEmiTQG1xMancKjEcy"
  },
  {
    "id": 364,
    "hash": "QmRW2ugiBQ6MS28bkziySLrFxdBX6Tqir6v9SbMwvNDfd5"
  },
  {
    "id": 365,
    "hash": "QmTdsVrSWqB3ZjophUQWs5fKVC3rGbEHF2vmXQVnxQCHsq"
  },
  {
    "id": 366,
    "hash": "QmRZhd2U2oQtmDBPfriDSUtEu6D8jpB1ncDANNFZPbo4gH"
  },
  {
    "id": 367,
    "hash": "QmbHGx16Naz6RMnNKNeLGZxamHEJc5tqHTTsAJgTgLRFqt"
  },
  {
    "id": 368,
    "hash": "Qma7n8DoT6BbHqEBF2J9g93vZef4jqkWrvqrYPFUyyP43f"
  },
  {
    "id": 369,
    "hash": "Qmct81ht2w8htMYH9nxxm53nur9oUtqCceJuc3NfzeF92F"
  },
  {
    "id": 370,
    "hash": "QmSrt6yp3hVsqcY3Grec3boEPeZ5Vsapxtjtba17iGmWKL"
  },
  {
    "id": 371,
    "hash": "QmQcJ9v7oA5GjvNRKoZhyak7dJRn3eKRidrxnL2r4oMdX7"
  },
  {
    "id": 372,
    "hash": "QmeDCRDPJJ4mVtS9PceARDtm38pJad5fsKJpVzznjVvhwq"
  },
  {
    "id": 373,
    "hash": "Qmegc7egxeBrJoV4omEGrKd2rFRT7MfDdScbSk2D9exsdp"
  },
  {
    "id": 374,
    "hash": "QmT8RdnfFyj7xa2V62GzdDkibYjWeNr8hSXbLGoJCLmhGv"
  },
  {
    "id": 375,
    "hash": "QmRBjVU4DcHtQdQe2WaeLA8nznGYnNBeDe8kuDTEbJFPAq"
  },
  {
    "id": 376,
    "hash": "QmXvSo6zsCyzXXUsyZSWZhX7ejmTnAxpj3YKuz6gswrGYX"
  },
  {
    "id": 377,
    "hash": "QmfYjo5zutKNWjRLuJRiM4zoRXcHApWLE56bjwRhqHDMyV"
  },
  {
    "id": 378,
    "hash": "QmQiqzzT2jPuax1fxu449J1S3ZyZujsVBRnzn5ibw5o4XT"
  },
  {
    "id": 379,
    "hash": "QmWoSWbAj4YB2ADaRcgGaKpUNawk6gyvYodwWijp5G8zZs"
  },
  {
    "id": 380,
    "hash": "QmdsoetEBWhYyhKfqtbTCrHaDqqs2wuzaLsHrKiTd1sYfE"
  },
  {
    "id": 381,
    "hash": "QmR4kMt6ZnrRVHuTL8wbSGncSK4AdZuGpvNi7toebqaUdu"
  },
  {
    "id": 382,
    "hash": "QmQhpdqS7xcJvtkXuR2dWTx38GQizZE76UBK3HscyvU9Mf"
  },
  {
    "id": 383,
    "hash": "QmUwKXz215JWEEMkpt23yUe7TzUYaMRe6Y1pHYkCedC5qh"
  },
  {
    "id": 384,
    "hash": "QmSpxuq7eL82PTw9QLkHsxArTYD9Wts5iXPz2rG55XQcUc"
  },
  {
    "id": 385,
    "hash": "QmZrCVCRvrxKcKwzgcbLandBQsUSLE5iNV8C7kLaM2H2T3"
  },
  {
    "id": 386,
    "hash": "QmfMuCgjfrbKhnGM5oh59TC8eLoFmJkW7hiVZkTFK2mCdE"
  },
  {
    "id": 387,
    "hash": "QmdDxWXsGgSPFooyUvEWhczUZitebA7WAVjTVJTkxREjFL"
  },
  {
    "id": 388,
    "hash": "QmcNuzWpSN8fhVt2unNrEBruvEmt6ymQH9LhAE6S6ac9AJ"
  },
  {
    "id": 389,
    "hash": "QmWH1xmnoc8zUsmUPAV5qefWzFQEpAHoo1TdNLyiD6Dsy3"
  },
  {
    "id": 390,
    "hash": "QmU36SVunkrp9wkuJMJRaB6fvkS2zLH9bvG4AViLZ4TxBm"
  },
  {
    "id": 391,
    "hash": "QmbmJn1QXtTcjxL2hjxbFoS67X5nAfSkkFp5caKRHVJicn"
  },
  {
    "id": 392,
    "hash": "QmfXtgk5dKZr1h6W1FYyWNUkECsSup94wr92qbNpcFSdiL"
  },
  {
    "id": 393,
    "hash": "QmWGxiKAD3RQhRTA8HQXHtL5ZYqKSE5xYQeXqxjXEzPpSp"
  },
  {
    "id": 394,
    "hash": "QmUUhdtPr4sGmY7Xn23FW8NUz3BfKKzs43aUZR17c1YuDh"
  },
  {
    "id": 395,
    "hash": "QmQ6W8yEVfMnaMnsrnmCyqdN5xf1LLY8vgPbaSUchpYUgh"
  },
  {
    "id": 396,
    "hash": "QmNoJvqaCuGdjTyYYnFPtkpdwGNAxJnPeKuXrQ7yZC19q7"
  },
  {
    "id": 397,
    "hash": "QmfGWNcoVYiVgzsgJWLKYCvFerpGYLXEiVcxaHDHbYfeMM"
  },
  {
    "id": 398,
    "hash": "QmZxzDDQX2GAftrWK6v9b31dhfK9Ga3GDHmq5tgj11fVg6"
  },
  {
    "id": 399,
    "hash": "QmWDtYgDaySJYkoPiwvqbYz3XPUmK2eperENY88ntTax8x"
  },
  {
    "id": 400,
    "hash": "QmaXHN6ByCD5jrRGPZ7E6wdGMasQwNcjYaULC7i5kRGZNi"
  },
  {
    "id": 401,
    "hash": "Qmcf6Sx464FZJn2efM6cLrKMPetY9Km5xhBcUytQSFaVjc"
  },
  {
    "id": 402,
    "hash": "QmZwrQmjtS6D7nxhiMxfZNsx1pqsDYj39hGrwB9HoCjsXH"
  },
  {
    "id": 403,
    "hash": "QmbrbFNoTfBXS65FQvCDVAzhYSTZ9bNqodnNemVfXYPoX7"
  },
  {
    "id": 404,
    "hash": "QmdCvbJfcXPTD7aWE6CXuouexC2eez8YjkmqSgBfVj7T1S"
  },
  {
    "id": 405,
    "hash": "QmY7gkpnQdci6YrmYoFV2Tyy8cdKfjnEaB55EwTMTeRda7"
  },
  {
    "id": 406,
    "hash": "QmasVvick2avcBcLuRPRU5r55CtquL1KzHhsyzSwsWuh8K"
  },
  {
    "id": 407,
    "hash": "QmbrXUSSfMZSu27hRqtPJZFTr4SMi3JGTUw4iT9G1JsTNg"
  },
  {
    "id": 408,
    "hash": "QmfCnP38GNfGfDXmAFWXGdetyu4hVYmddgMkcdYVsTDhFs"
  },
  {
    "id": 409,
    "hash": "QmQeMsMfcgYP6PHKFHzeaS2B6Rzeg47U5HgxqZbyJM7JsC"
  },
  {
    "id": 410,
    "hash": "QmU1YHsLqofSCkRwVvoLFona7LLVrwMBvewzsZ3txTBVjR"
  },
  {
    "id": 411,
    "hash": "QmYzATLkHnVN3AhGHCTmYgcVQnWQ9MbX9sbX2hzrKrwybT"
  },
  {
    "id": 412,
    "hash": "QmYRev3gkz1J2aXKFzVxgiy1XAnTAGp8T3LdDJDv4QFoUy"
  },
  {
    "id": 413,
    "hash": "QmWuEx7558fBCW54B28XSZUXsk9dbzbnpN9nzYmVJBXtLj"
  },
  {
    "id": 414,
    "hash": "QmSQcBNM2rXmkrPMgUVSuMAVv9aa6WJC53niTLVNdzmwfF"
  },
  {
    "id": 415,
    "hash": "QmZWL6ypMRcKT5kgK2TqF1rWXAVvByiUuW6fUMmM1YTrbQ"
  },
  {
    "id": 416,
    "hash": "QmW9w3uyQNaDXVxEPsu9fyH5DppSrGWTKjXuragSKARDK2"
  },
  {
    "id": 417,
    "hash": "QmZGKiUzjafv83Nf6DBMLCGZ2ZkEHiZj8XhBwLtsXpQoBi"
  },
  {
    "id": 418,
    "hash": "QmXjFmbb3jpe5dJ2Qt1tybQqTkixEB7gZogs3UxYnGtZVp"
  },
  {
    "id": 419,
    "hash": "QmRRPDByxQRsx5RYA96irnamzx1r1duFwDjBwkJSbZYKy5"
  },
  {
    "id": 420,
    "hash": "QmbiHZRdJKEF7TLau2SGQEYm9mygRuitNHJH3NwEd3mzzK"
  },
  {
    "id": 421,
    "hash": "QmUrwVanwDfks9XQj8bcBAYp8ztXHQyVubKFoZURshHeKf"
  },
  {
    "id": 422,
    "hash": "QmQVsFdiJnMS5Ymf4QgsdbvXRSdkHcEfmL9vrMkJtKcLRi"
  },
  {
    "id": 423,
    "hash": "QmPTGXFbhy5aQGPfRKZnVmVVUkmGUiaDQxKnEcvA3qKiBa"
  },
  {
    "id": 424,
    "hash": "QmauheMfYHH95aXgomHUZNuzoW2LqmnukieJGVRnnU3kHQ"
  },
  {
    "id": 425,
    "hash": "QmVbF1VUaX7bMWsT5ZqykQ816wGF8a7157FQcpx7o3ZeoZ"
  },
  {
    "id": 426,
    "hash": "QmTEXhC7RPLG5UrZFRRkdRCTBvvvpeQHo61btyTBKdDpiX"
  },
  {
    "id": 427,
    "hash": "QmPhe9EJ5W9sWVs9uQsVFrVdEaenPpzLzZnBiASbZ5uQuK"
  },
  {
    "id": 428,
    "hash": "QmYHet6ePMeR3iFvBooyfT1X1qBYzkANFWMLbrQRMLwFDD"
  },
  {
    "id": 429,
    "hash": "QmSqpkiBTCFNAC3uTyvc4b5npRBBhkxUcySTPXJKCfPhau"
  },
  {
    "id": 430,
    "hash": "QmdQqrNzYwK1XXfHKA6za1DXAQsCC7qyrK4yuNyuaAWXKV"
  },
  {
    "id": 431,
    "hash": "QmNsguwFUe9eYJ11GQ3bDDVw2v3Ans5jXYGc87LRcErRA8"
  },
  {
    "id": 432,
    "hash": "QmSyn5w3bNTGAcGRvrK9pzzxiaskNxsrQ3jzdEqmiSHcpg"
  },
  {
    "id": 433,
    "hash": "QmRwDX7vY6sFghzgMWRspa2CsdjLbKv3pegTacDQzYYaya"
  },
  {
    "id": 434,
    "hash": "QmeMfaQJtQfa8ppcq3EniffZcoAw5FaGW8ZiWGwhEUTBeb"
  },
  {
    "id": 435,
    "hash": "Qmbybi3JYMYCLizjoeogdAu32uo6orvYyLXM9LAmEHAoRW"
  },
  {
    "id": 436,
    "hash": "QmWAQeMEcJq7TaoFH9gU7wZH1usmRSKYzzbCz3iqSNKxDr"
  },
  {
    "id": 437,
    "hash": "QmVkHfntkAKTmV4tAUDVYZxt2xkLAMdqapxuc7UxT99rmX"
  },
  {
    "id": 438,
    "hash": "QmYomb53Wu8wMMvWU43bsUx68Ak9nNtb8KsWaEoQaYFPxh"
  },
  {
    "id": 439,
    "hash": "QmSRNz1wtSJGoTpGHfnv84jLqRggWgrMVMjMm2azEZM5Rd"
  },
  {
    "id": 440,
    "hash": "QmSbCoqaNvzkEKXqiP2QM6bWhqsTZMgLjZpnNHBjFGrA22"
  },
  {
    "id": 441,
    "hash": "QmaVteD4Ss3834Vt2mcCDgFWxygbvsPtzGiggK41B5v9bQ"
  },
  {
    "id": 442,
    "hash": "QmYV7Ck6LpmkWArLtK5tnUqc9sNJqWWJ6D5EWthcAuGPFn"
  },
  {
    "id": 443,
    "hash": "QmXtY695xfYCdpnzppzMdr4tXqY4tbKFewsxK5Cp36HcsW"
  },
  {
    "id": 444,
    "hash": "QmbErKxjGpYebpRzpsDdcThXZ89ce6xkcJyWocAYa8nz83"
  },
  {
    "id": 445,
    "hash": "QmT3cJXi5GiUSWCgGeFmdVhjntw7SyfNKAEZ1iNgZE9nra"
  },
  {
    "id": 446,
    "hash": "QmViVEaszFAw2hWBRAwmigBpLnTfW9hfCCDRb4bUMPfJYQ"
  },
  {
    "id": 447,
    "hash": "QmYjLro2Hg1jpD6sFQzpvir8Ya5RCZGEzW5XvF5j2fFEv1"
  },
  {
    "id": 448,
    "hash": "QmZTyLdEutNUTir74rU6dr8FTZ4MghiUnPUy2bRKednKm7"
  },
  {
    "id": 449,
    "hash": "QmPo9AX9YkLA8vdsMUVPcvZquByscm6hB3gDeGWoskwTnX"
  },
  {
    "id": 450,
    "hash": "Qmex3VEeGpVRCYLdtioxSAvRBpZuTLd7qKffg1U2ygrn6N"
  },
  {
    "id": 451,
    "hash": "QmdF71x9qg5EB55v7qEhtHu6F57hkFT5aAstNkzmUCFKVE"
  },
  {
    "id": 452,
    "hash": "QmSofLyu8Y6wYYV6chr9ot98djcDDhCBsEhQevwHe93zPQ"
  },
  {
    "id": 453,
    "hash": "QmPDH8muKBharZHccBjDK45R5YKgFuftS37zzyHDu2bMue"
  },
  {
    "id": 454,
    "hash": "QmPZgMn7s55BRUXPkMoiFGcEuakMf1zoPfsGQnyf6LpfTC"
  },
  {
    "id": 455,
    "hash": "QmPYj1Wrect4HKXjopkyUrdzdxBFV1TNqMBNxCYrjAVF8V"
  },
  {
    "id": 456,
    "hash": "QmSWNooDWHV9QhBNRfDdWEGd3mjrnBsxfLKD97vpmHDPJh"
  },
  {
    "id": 457,
    "hash": "QmPhq7eaSUzbQjwNqkvBAdxckNF1yFrpfPwtaXbvNJ6cDx"
  },
  {
    "id": 458,
    "hash": "QmTB4BxaHp1R1QTrP4W2nfukVb3vSqHDGXTz4WAkogTFj8"
  },
  {
    "id": 459,
    "hash": "QmWurxMWvoFp4WWYp4bQuSMdAJoshQk8KfzwJHRZSsq5an"
  },
  {
    "id": 460,
    "hash": "Qmb6PwDafcfHYTtXfmdqTpEFkbAe1AxNGiXc89bS7QAAex"
  },
  {
    "id": 461,
    "hash": "QmbMbvYnyfD1zPfab9XNn5AUDfLEkTY1BbSpcRGgHSjyav"
  },
  {
    "id": 462,
    "hash": "QmeV874cNgWmPgf1LPY2H2MrNfBotM89rsd2G2HQ5KtEJs"
  },
  {
    "id": 463,
    "hash": "QmevaWQURT4PrC3TpkqbsbsMHCtymqzHVEjig2NEMcaxnk"
  },
  {
    "id": 464,
    "hash": "QmeBQv7YnwB9xMBWFBETuhAznPyJ7kkRgR2BUSxfqhbUf6"
  },
  {
    "id": 465,
    "hash": "QmUpNnCLseTDW3gKy58EDYp3FUMwfBKsxwBY16NSEQ4UA7"
  },
  {
    "id": 466,
    "hash": "QmP7B2HALvnh7t1EQnGodBvnjqehE7K3kJp47ZF6srzAmg"
  },
  {
    "id": 467,
    "hash": "QmenYf1PoB8BvcoU6Yy4JR8hvB3jCfZV6HTiskrUNAQAXd"
  },
  {
    "id": 468,
    "hash": "QmbkAXW3Z9AcJ4DHtpfQfQgydZNYjNeHppxLvNvywx7EbL"
  },
  {
    "id": 469,
    "hash": "Qmd93RDhLfaAU4kLRz4m9HMNjFbbzJFhhDe6sLa5KN6VrZ"
  },
  {
    "id": 470,
    "hash": "QmaD7J8NRtJKaQPtDXbAHRJs2RUx6a4xcTZQuJPNwXWefN"
  },
  {
    "id": 471,
    "hash": "QmaGHdpUgaV4yzqA9fWQLdGJ2EJ7WWTDzY3vAsBpULiBtj"
  },
  {
    "id": 472,
    "hash": "QmQumsLpSH2MznDog5BT9kXqEPoqQB4HRJCq1wLihtzfzg"
  },
  {
    "id": 473,
    "hash": "QmYqsiYQEvgUus3a74y41LxHbKfnYLwQKzZZ9nQR92r5u4"
  },
  {
    "id": 474,
    "hash": "QmVdK88TaaUd477Ng8smWi9afMSNwdzsFmTQP2BR64v2sw"
  },
  {
    "id": 475,
    "hash": "QmbC9Yk7Dr1XjEQ2raik3sFYtCwkcrfESpXtLkUmbqb94c"
  },
  {
    "id": 476,
    "hash": "QmPJd1Vng6KZbQ8zDgSTqpjvhch2vL1yUgZdB2JNnUL3HV"
  },
  {
    "id": 477,
    "hash": "QmRgkddJPUmM3p3xXF2gQP8DmqA2e8ryLd1s6f3aZoz4fn"
  },
  {
    "id": 478,
    "hash": "QmYGNGym3VuWeAKaTnEr83Goitzo82Jvk54fJGySDYGMhz"
  },
  {
    "id": 479,
    "hash": "QmNuojxLyHZVUpb9HjN6o5oxMeMqa8xiEms3ffApyoCgnE"
  },
  {
    "id": 480,
    "hash": "QmXKicJ12vffi2Ta8RpBwTvZcZ8WURmfY1VWpmHMvH2Ptk"
  },
  {
    "id": 481,
    "hash": "QmU8rAGE3teDQ7pgnv83L92Ziz9J85kn7Y3qjNasoKpBRL"
  },
  {
    "id": 482,
    "hash": "QmeoHbCMM6FMbkiCNw7R6wY1p8fkRv1Uf7fbfhuScmWXbh"
  },
  {
    "id": 483,
    "hash": "QmXd5SZTjbJ59yquet4QjTn5RYMdNfNf1Pmk2K6A4ALpG8"
  },
  {
    "id": 484,
    "hash": "QmQFdbewQvLq6fMgm1Hwg96yVWYksFNiQquVuUHYExK2p1"
  },
  {
    "id": 485,
    "hash": "QmTBFgTzdwoiq5FjyUgvWdG8h8QRYJ7Fknu7ya1UcGb4Sw"
  },
  {
    "id": 486,
    "hash": "QmToLDnAW1reDvz4rPW1DZTVLRoidFzWUHcK2dzDiC2ih3"
  },
  {
    "id": 487,
    "hash": "QmUibb1YvYDYrE8JcmzeKYFRoiNNfX4e3ffY75873Xb38g"
  },
  {
    "id": 488,
    "hash": "QmPxCjogAYBtRPKHPXeDZ99DhoME7kc7kzGyJPyFb6sSKV"
  },
  {
    "id": 489,
    "hash": "QmSVRam147m36YYg7yAdkhqhXzXxpq6hMPhaHMzAJxEzx6"
  },
  {
    "id": 490,
    "hash": "QmToUqqU6XvLbgtiV586HTWuKJmU5DuUc2vHnPbxbs6Yba"
  },
  {
    "id": 491,
    "hash": "QmV1iYZdSgNUx6xMggtLRezSsnW6iJgh4Hwa2zosNjbX8J"
  },
  {
    "id": 492,
    "hash": "QmWmf7Gw7UXcChSrwvDcwzirqXg4THRb9kRhLu5iMEbtsq"
  },
  {
    "id": 493,
    "hash": "QmaDxC4EKSWCHFZ2hiXtMC1N5NGftGsuNXinp2RjV2KDu4"
  },
  {
    "id": 494,
    "hash": "QmSyAsofbHf6NiACpwzCTnMvuSqFfUanqVJgC7jtUeVWjz"
  },
  {
    "id": 495,
    "hash": "QmddNsbCw9gPtb6cBvUqwiBvryUVL2ehq6UiFBv3JHfj1f"
  },
  {
    "id": 496,
    "hash": "QmNx3nfW3yPPN3oBsGhp6mQxgCF415aHxdMJC5MMTNbibx"
  },
  {
    "id": 497,
    "hash": "Qme88RFN5Fs5n1GnmDjwQ99s8xY4hjDKM99Y5GnjEaBH1m"
  },
  {
    "id": 498,
    "hash": "QmVZao2GwKn5q7A65UrzFyEFKQoygBVzvixGyzm36mGaDN"
  },
  {
    "id": 499,
    "hash": "QmWSxUDHpALrvxcqGfRcps8SjqMhBzE8xG3midkyJMxLtw"
  },
  {
    "id": 500,
    "hash": "QmdbDpNBAwTzd6mHk4tm8kpGgMsCN5Yu1TnWNpej1GhUDc"
  },
  {
    "id": 501,
    "hash": "QmZKpwBLLERQFPpkd2QLjFY51YuUHSemhDw6xeKi63fnNF"
  },
  {
    "id": 502,
    "hash": "Qmcyyv1mRZqf1PAXZ4U8Z1QFjZLsCfXcEdrirEQaXkBTjR"
  },
  {
    "id": 503,
    "hash": "QmRBN18k1ALJmJQhN7FBiMpaM29UVrLj6stFhUXAQo93PE"
  },
  {
    "id": 504,
    "hash": "QmaJm1X5SfwnyfvhA4WMPSpxduZWhRZKGChwFMp4tZyqQu"
  },
  {
    "id": 505,
    "hash": "QmR6912DYUdhV3HQ4PhM3Ls31mbZvMHTHWpLV3yLB5tK5W"
  },
  {
    "id": 506,
    "hash": "QmVJ6J5Mbao42h2WedsWokKeZ84ywFfPyojQCvnYoH7hoT"
  },
  {
    "id": 507,
    "hash": "QmdtPaXGSbqoU3bDvvBRkLFrDFV2CCdUeo2PZ8LDiGoLY8"
  },
  {
    "id": 508,
    "hash": "QmWzF9bVG5pgpSDoEPNhRT4tjkTt35vAW4RzphUoojKfjy"
  },
  {
    "id": 509,
    "hash": "QmWJpC757pRrig61weuztgyk9yU7AnTiVqtVGafSzriQqf"
  },
  {
    "id": 510,
    "hash": "QmXPYQjwdSmNFWWDePV19oCyWkepp6Kfv2ZtHSvQYjXxSH"
  },
  {
    "id": 511,
    "hash": "QmabUySyV4ttLyGp9tTM8cu4Ai4NvUfxhNt89s82KAMBkW"
  },
  {
    "id": 512,
    "hash": "QmQMitUWZLeiEfwh8s5rR4sa9XKv7NMhJnwkkf6rKXaT8Y"
  },
  {
    "id": 513,
    "hash": "QmdtPzYxcCaRsYdzXjPoW7ZQyCfKwgUDWF7MCb5f1pZCLi"
  },
  {
    "id": 514,
    "hash": "QmNSQY4iHtz9TiiLVoTEs482w3HXham4ypA5xH9vDV6ETk"
  },
  {
    "id": 515,
    "hash": "QmT1J9quwSaQWCE4TG9GzYtyZNrbKxLkbzQUQvjeJK2Avu"
  },
  {
    "id": 516,
    "hash": "QmTwNmYnGGFapVrKYXJzdb6sshPFpYLeognFsCu2kGSwbC"
  },
  {
    "id": 517,
    "hash": "Qmaug3PRP5VzMHm2Dc3gNVrUe6QBbMyTzdW1pjA6jLVXWL"
  },
  {
    "id": 518,
    "hash": "QmXZwHuDpbv3897V39WjX63FtoBVF587YQEuT9kJXgTDGm"
  },
  {
    "id": 519,
    "hash": "QmdU8f18dQbhTa1ENqwgfN4zGEZWJ75oCbMUTET7KjJNwm"
  },
  {
    "id": 520,
    "hash": "QmcAqiKg7L1xwJ6CFX6Mat2LXxDtKqqHfUVomSu5gxoXC6"
  },
  {
    "id": 521,
    "hash": "QmdfQhve5fdtiyntFhMyUXdDy5Wq49zBUenRE1bHAow1oA"
  },
  {
    "id": 522,
    "hash": "QmefQ6RvLVJqJj62yzkqAPftseiGoxvJWXRgyqgot9EZBc"
  },
  {
    "id": 523,
    "hash": "QmQzgTtpMEH3o2vayWJhzT1EnUmkaZT5FHDStgm52eCrYQ"
  },
  {
    "id": 524,
    "hash": "QmUjgRKPfRaqYGGAi37pDsHDUAwqvH7iAywzM7sv875e7u"
  },
  {
    "id": 525,
    "hash": "QmcA16TNTdjBru2NbbfDMoxRKDxBKuw6oeVF3WCAst1WeC"
  },
  {
    "id": 526,
    "hash": "QmdQFXKVdv8HBayLXaMwZ7cqQfVGS2AL2YPTe13WUkVE8K"
  },
  {
    "id": 527,
    "hash": "Qmev7marGa8VmLV3xeZnqXmx14AyiWP6fgSP5SoxhAUpeh"
  },
  {
    "id": 528,
    "hash": "QmeZAYWpNGTbT2Js8chAg5BJuXj4BQ9FmjzkEGss4kyCPv"
  },
  {
    "id": 529,
    "hash": "QmQcShSapKhjfZ47wcQhMLycCz5FfmRzeBo5MUhE7bZ7kN"
  },
  {
    "id": 530,
    "hash": "QmQRMBtMR2kFJBjcBCTmpiwbgcD1n7p1kzYnUfEwyWYyMS"
  },
  {
    "id": 531,
    "hash": "QmQ9porsCPHvCKjmhonvkCx9uyNFJXd2TSmag27jrNxZDw"
  },
  {
    "id": 532,
    "hash": "QmTZkyJorENLDQNFd52DcsfCTBGCnkA3PpNxQfdYLUD1a5"
  },
  {
    "id": 533,
    "hash": "QmVBVEyntKdLu5XugwzktVQGfYZo1Lxs8h1KtKERXtuWrV"
  },
  {
    "id": 534,
    "hash": "QmPdWaPZR1qXpKVchAEKXMkHUXn9qqRmTAPrTgvpEiwyQS"
  },
  {
    "id": 535,
    "hash": "QmcudrNpKwTFeuD2NtoLgBNWCJZcGUeW9rkbcdwyDasHXK"
  },
  {
    "id": 536,
    "hash": "Qmbuqq1JfJmku7FueszfmHXvABu2xeUfZe4GesLeEp6Kem"
  },
  {
    "id": 537,
    "hash": "QmS2ye3aw4hTwqjFc6VMED3Wp1eguav1UuVnNRbAkpCEBC"
  },
  {
    "id": 538,
    "hash": "QmYLZ8UYKECmgP1ANgouPXCUUub8Nmc8W9wkCJgEayYrfj"
  },
  {
    "id": 539,
    "hash": "QmQatmBnqYD7974TzwunFr8zhGRxDK8irz6CJVFzCCZX2f"
  },
  {
    "id": 540,
    "hash": "QmfZFfQZdDxjifAvB9iXTWpVMyRC21A9Uvf3QmDT63cYX1"
  },
  {
    "id": 541,
    "hash": "QmQ7oh6tKRbV72YJaPonGees6hyafLQQGVp8fTQTZGoSSJ"
  },
  {
    "id": 542,
    "hash": "QmQstogibqD1aJhhsGaKWvXWSWNBav1pmKghgnhFop1pYc"
  },
  {
    "id": 543,
    "hash": "Qmeo2JQAzs4xH5ggne2zALDmrydTUkX9a1PviXJtFt63Gu"
  },
  {
    "id": 544,
    "hash": "QmRGnANkyHV3WRSw864gZkBHxFMSsw3vzTVQH3vfxkqb2P"
  },
  {
    "id": 545,
    "hash": "QmRMKpux3h9zkpaZDdXXu3gQmEyMdzbc2ZFHCKXYADfEHQ"
  },
  {
    "id": 546,
    "hash": "QmXV5Y87tUDcJzi1EpBMK4sA4ouF7MyfUSHf7zXnTWTsBP"
  },
  {
    "id": 547,
    "hash": "QmPVvBonhNYGwyeR23ANyXjeMFvp8xCgxccXq43cMo6CsP"
  },
  {
    "id": 548,
    "hash": "QmPTCEJNikM9px1C67fXrePWKzRnEdRDEHb2PiJmPxkYsq"
  },
  {
    "id": 549,
    "hash": "QmbMR49RjWRkk3aY5qRxYb33WnJRwR927CpHj9rBxTQKdu"
  },
  {
    "id": 550,
    "hash": "QmcVZnerpEiCBzG6XC4F8Xmc2pb2zPiArZ7XdavRunGM4Q"
  },
  {
    "id": 551,
    "hash": "QmPHz3YYjZy3xPbkQC34u5uNUrUkTa8BAWPV1S3bDJX6Da"
  },
  {
    "id": 552,
    "hash": "QmQWisGUnfWuQMUuSYZVorsRT7rJfLmtaYKxK1sZoHSANZ"
  },
  {
    "id": 553,
    "hash": "QmRCSnQpTFf2jDmRvHifWbfJFVGojYKe4R1Wv8AEScEL7J"
  },
  {
    "id": 554,
    "hash": "QmaCs3vx7zWUfAeUtcQxnpooaeTTRHbc2C9dB7ABPiywYo"
  },
  {
    "id": 555,
    "hash": "QmeptPJW5TF31X7Qb5CSjkFhwhYCVKCjamGcDctzZEzq1d"
  },
  {
    "id": 556,
    "hash": "QmUwLtuPujDhwYQceVgkPv9hZ5Yx17yqqDMJSoC951BM1A"
  },
  {
    "id": 557,
    "hash": "QmeC3dLFdAN1dCDikjm431yXmPXdNqUcCdwbw31rVkNWCP"
  },
  {
    "id": 558,
    "hash": "QmYCYcUxsSKX9nBGEH8ZKBVq9ibR2DDvgFG3n4AhrsbV7c"
  },
  {
    "id": 559,
    "hash": "QmUd4TztJAMxsUEcj91aRbYLnEcBRhdNrsXpP5v1AygUYJ"
  },
  {
    "id": 560,
    "hash": "QmaqCNgmRjTrAtefEYML5NX3xvE1sZYzUpscNGjxwQpCBn"
  },
  {
    "id": 561,
    "hash": "QmZKxaqrvGX81qfe92BPKCpsrbdC3Wf5i72XuVcfC3hu9G"
  },
  {
    "id": 562,
    "hash": "QmURiYMAUDVoiDDdjCxt1GoMNdv3MFqo4ThTXjpPwaATVb"
  },
  {
    "id": 563,
    "hash": "QmTWtmKzHkXrpSpi77jSjV12dx1rB78gaKr9ExhQ82hMmj"
  },
  {
    "id": 564,
    "hash": "QmedjQerXvsMNRb9k1L15xokEHFkD2n7wArdkp7CcchcD4"
  },
  {
    "id": 565,
    "hash": "QmbuGzgmQHTCEtvE3Vz1ngev4K2FG75aBLpR4t9xHiGARa"
  },
  {
    "id": 566,
    "hash": "QmUdHUEWcyhhCLtCAQ7FYhfUZz8DhyNreRnYPEd7M2aD6L"
  },
  {
    "id": 567,
    "hash": "QmZ1yd1EsbkpikekPxdCC3xC42YSgfM4PNQx8ZBtKixWAy"
  },
  {
    "id": 568,
    "hash": "QmbN1LYZxEv5taFtBmanXSVdpagyc11thaZbMP7dkHBJ1n"
  },
  {
    "id": 569,
    "hash": "QmR33Epcft4iFpnB1ZAoiVFMUcKsbfteUzGxVxYhq4HYfM"
  },
  {
    "id": 570,
    "hash": "QmU27cRsjKFvT7GHn6p6L7v9NoLVsJMEeKbj5nhaU3p9Gj"
  },
  {
    "id": 571,
    "hash": "QmNq3p15v6StPnfbDFq6S4GEY21JybMMDTqVguTUqBLBfm"
  },
  {
    "id": 572,
    "hash": "QmRSLomfmFqFZrU7xrtQs9hrqUt3Qfz9APKdKYdK8N9Lus"
  },
  {
    "id": 573,
    "hash": "QmWP21w2BHv3PZVjfEkvyF9bKKi9oBrZDaRCsMzFG3Je7G"
  },
  {
    "id": 574,
    "hash": "QmNxj438Wzu4Xkr7Rm7tqEhdsNBJ7Ejg7UR74gnN72s51Z"
  },
  {
    "id": 575,
    "hash": "Qmcojscnr3qNHroocahCioa1SpZT5Xf1ftXFRgkJeZHAt2"
  },
  {
    "id": 576,
    "hash": "QmQL3qSjtw4diBKkRcwFtQNwJ5DPrbfJRf6WsWVb54M9SL"
  },
  {
    "id": 577,
    "hash": "QmPofLsJMEorKPzD3aMUgsgbo5epBZRA7UyDNYDgsizd3K"
  },
  {
    "id": 578,
    "hash": "QmfTy3gRus98CihA8SFB2PUQFVErWFngRFHyTssZabKGt1"
  },
  {
    "id": 579,
    "hash": "QmaDNPShei7A1cvDiXwPZfVhpWUzzcXCXtGQuF1H4QA8TC"
  },
  {
    "id": 580,
    "hash": "QmaQjq9LiJi9ApUQ4TveadU45cTChkf4bxAatf5oCzV14v"
  },
  {
    "id": 581,
    "hash": "QmdR2aukexDPhx5CQkH7tdbSsQkpV6hZdogmZQe1HeT48T"
  },
  {
    "id": 582,
    "hash": "QmcnAgRto8D6H2sNHasQpXYoeAJoAwvbdaMkhyGNv7PHM4"
  },
  {
    "id": 583,
    "hash": "QmQ7Xcz5rKTVHQetLKPSHEKrGXjH6SBFWJhyPj8ssfkr3p"
  },
  {
    "id": 584,
    "hash": "QmTughgcUFxztLzpLzDLr2N3tmDK7JYcWUUqVdRbU8NWDB"
  },
  {
    "id": 585,
    "hash": "QmcXaNnK4yp5dKTRwErBfjDnLsbTKXdWWp886MbTdoFNkK"
  },
  {
    "id": 586,
    "hash": "QmXeVNWFcWXZxwTsMF3dbR495ZDwjERBaQbxfjA8qtgLQb"
  },
  {
    "id": 587,
    "hash": "QmPM1RHF1yq7goiLr4qp5evxXm7SvgBQz2CJmMBBFUw5s1"
  },
  {
    "id": 588,
    "hash": "QmVXDnwwy9q1P9gSm6pWoWvmKabkpYUJz6eUyUQNcjjkHQ"
  },
  {
    "id": 589,
    "hash": "QmX1rs4hLwJdiKcYk1tryf3QQsTJZh6h84y438TXgmDsuL"
  },
  {
    "id": 590,
    "hash": "QmRXvL3gMrGbsQqjUKuVKNw4qCCK625hhWo9JG7kkvyF4K"
  },
  {
    "id": 591,
    "hash": "Qmf6MnNCRCniXLKxbkrCSRJgv1eEwJ8YnfZsSshNG2r9yT"
  },
  {
    "id": 592,
    "hash": "QmbAmd6EWzjfgrxhszLM7t4GT9gawoHEeMUVPGjk8R7MXt"
  },
  {
    "id": 593,
    "hash": "QmSinnCPysaYbzwK81Bd4eWdRzD6ATahsHnrv4i4yApxgx"
  },
  {
    "id": 594,
    "hash": "QmVVhxUzUqeCo4D9f4iKS9JwRJMxneDJKMPp2ht1Py38M2"
  },
  {
    "id": 595,
    "hash": "QmbUSqemnPicW9F3FQrm1MifbCp9Z8mKhNTb5yKiKos9aa"
  },
  {
    "id": 596,
    "hash": "QmZEhEbaEUhTXhsD7ubuRTd2M9LiarXsEW5MhkdWBwjEJM"
  },
  {
    "id": 597,
    "hash": "QmSsBoMwRw2juG3Wa9omNddSoCMcsyeWYr1ZFSZs3fUWwf"
  },
  {
    "id": 598,
    "hash": "QmarxnL8kjeCyFNFxSMPMesUnFmKQQxoFLpjcKW3mPzrRA"
  },
  {
    "id": 599,
    "hash": "Qma1rNYg1hXBQdZZZaAU5Ga4wh3Wx9kGvCjgRKbuawDUXV"
  },
  {
    "id": 600,
    "hash": "QmZgRN7M7hLX8afjUmPaPhhr7HHCxSJrV6qQLa3mHReWKK"
  },
  {
    "id": 601,
    "hash": "QmcvMRgN3d6b3qqvg7ZqFoRRrb9jWV3sPEAhtduoRPc95M"
  },
  {
    "id": 602,
    "hash": "QmZvDRWehtrmiDinkkXVbkzUxRjDymdLayzKKkLVftGcjN"
  },
  {
    "id": 603,
    "hash": "QmZ7sD6chSdVTqEurViyjyHfAuiGPMV2HAxA3Z2gyPVorc"
  },
  {
    "id": 604,
    "hash": "QmS5aWKJomrAnwNTqLafvcb65j5wG7qEG7YVUuyTXZLM7S"
  },
  {
    "id": 605,
    "hash": "QmcuT9c26cgPi5edvHp9qdmHJpScarC9NRvmdMT9JZ9w73"
  },
  {
    "id": 606,
    "hash": "QmetRLhMQ32itLM9J5C4SsMcTvGMKuUHENke7A63zor6tJ"
  },
  {
    "id": 607,
    "hash": "QmeZBnVHxsBySyEtMpDYd9QraF2nnkTBeBDzE34mUQdj65"
  },
  {
    "id": 608,
    "hash": "QmebjTH8995aJLDnhdKepQkQ4FXYqkxBpfzgEX9F89v84P"
  },
  {
    "id": 609,
    "hash": "QmZThd93hXpfkHexsFEuohy7hnzhFyKppzvoJsyRLhgcDN"
  },
  {
    "id": 610,
    "hash": "QmW7didp1EACkEbpvZoaz32SsyMVATaoMADkaABJhicNbe"
  },
  {
    "id": 611,
    "hash": "QmXfU9By3mgzx7Ph9wfP8eKMiVPvYWYq3oXreQ1cBofkd9"
  },
  {
    "id": 612,
    "hash": "QmQ1zCNDoqekxC2Y2jn6qa3obDJd6K2YBshqDn9swDqBLY"
  },
  {
    "id": 613,
    "hash": "QmUrGJdbYnWKkohrpzY1nKz6FhuFoc81XhUAZXy3u3xdTQ"
  },
  {
    "id": 614,
    "hash": "QmcN6wBgMgW84QK2nfiUfiVXgcPA8ihzVzPdDy48BSDUpT"
  },
  {
    "id": 615,
    "hash": "QmUcXD55Jf8DoUpF6Zr98hyMWoSyfNDuUvxjecScbjBY2p"
  },
  {
    "id": 616,
    "hash": "QmSgT7ybpDHV9Bq6tvUjQrnbbYXy5VGZC2ddgNWRMKEnNa"
  },
  {
    "id": 617,
    "hash": "QmQ9i1vfSFa7N5BBpeQ9ryj27vyVSdKxEnfSwAqrafjeDY"
  },
  {
    "id": 618,
    "hash": "QmW6iec4XRcEGwPtn6AjQEunPCYEHmSYhizGPXZqDoRjqL"
  },
  {
    "id": 619,
    "hash": "QmfTriZDAwK5yVUVsKotMUQ41bGNEeTw2drRwQ4RwZtL5q"
  },
  {
    "id": 620,
    "hash": "QmPUS8fPPPUhdmfMexjCqYkPkSc3ysEiuNKYGs4THfZvF2"
  },
  {
    "id": 621,
    "hash": "QmaEJV7PtSDuScQc7PFw4ZB9tsR3qactAehTJbEhzdcasH"
  },
  {
    "id": 622,
    "hash": "QmW3gEC5hCMsParrX25aGJo6BYN1ibhwRPBGSPVtRGAwoZ"
  },
  {
    "id": 623,
    "hash": "QmUoiY4DDLunSmaDHX7nAkoPorbjGGLhZRLDoksiJpeoQA"
  },
  {
    "id": 624,
    "hash": "QmeEnWkx5jeasqmR1kj93TLiCvcHQCS7vAoGtjLZYm7viw"
  },
  {
    "id": 625,
    "hash": "QmSpJDNhhkS4u9bshRiXZ9yxPSZ4CrJDJGbdFKNWeAFT6i"
  },
  {
    "id": 626,
    "hash": "QmQMCtDePKBYhywk5KRJ2DgHvfdkKWMaMDrbUeQ6MZXV7F"
  },
  {
    "id": 627,
    "hash": "QmUNPna2Wo6kF3cLLKMnsXkwuozsrDt3i1oZnhdJgm3BQk"
  },
  {
    "id": 628,
    "hash": "Qmewk4FW9JxSVeigUgsi9sbt7ixadAnmmAxJ1ep1SpxgDg"
  },
  {
    "id": 629,
    "hash": "QmctBWgUqJDn3uWT8ExX9BhCMdWhAD4bwkQqjJJL9Mm339"
  },
  {
    "id": 630,
    "hash": "QmaWqrmjbCkB429ivAQgKMWDg2DTUwgLc6R7Au7hc5uqqS"
  },
  {
    "id": 631,
    "hash": "QmapK5nkmpZgqm6DLtNy8pA7JLMPBq98Zu4RRhmAuFmgPM"
  },
  {
    "id": 632,
    "hash": "QmQ7pEUqaDoVSPjTKhuUrRnniffaFVwsepN7PcQPsSAFFb"
  },
  {
    "id": 633,
    "hash": "QmNcHdk1qf5XDQs4N25jo54VT41dRsRWVFWaBiAvDNWo8U"
  },
  {
    "id": 634,
    "hash": "QmbrDLzwzhpEUgE8pYEndJbvfRWWuVPLcx3H3zXtQNUAbC"
  },
  {
    "id": 635,
    "hash": "QmPUtiAs1EQs2ar2Aw6mqHwumCs1rQ9YiQUyNviviSynaj"
  },
  {
    "id": 636,
    "hash": "QmPAMNtxJRgFM8hWo1bgfC9tG8Fdh5wF8sTzMLPUm8qD3D"
  },
  {
    "id": 637,
    "hash": "QmQESigbA4Zqzj6WuAFnmpSyA9mGLPgHPGXvVbEL3dukXQ"
  },
  {
    "id": 638,
    "hash": "QmS6wyGBbW1QRDBr9XdBuYfLtAXdrWuU1EyU2xqktt1kqj"
  },
  {
    "id": 639,
    "hash": "QmPiT1Twm8Z2vAjXtCHbEL6FR8RuuxmKMtyRK9ayFhayAK"
  },
  {
    "id": 640,
    "hash": "QmcSZMFhWBq1h7AxBN8kggJUvsTfHit1rspfSTfmBBpYDp"
  },
  {
    "id": 641,
    "hash": "QmYi6JGwbw8Bwn5bEDWBfNFqLr4PX5KFTDus48om4iByuo"
  },
  {
    "id": 642,
    "hash": "QmYTP2pJUaDjWKy9uExXpyCJTsmUP9eV6uAnhhHYpJKq9G"
  },
  {
    "id": 643,
    "hash": "QmZnKuNc48wgsFmVidFKZzbGmNvezXEpaJ636mknyW6YUS"
  },
  {
    "id": 644,
    "hash": "QmR7Vmu8bx95dzz5JxC7Vf3T54rBoMt7dqCtY1KS4xkyct"
  },
  {
    "id": 645,
    "hash": "QmfDjdmAPap6udytGP2m9KKLpD2BTiZBRmoiKVjYC4NrdZ"
  },
  {
    "id": 646,
    "hash": "QmXsFbGCkoCwLjAWzCKDknTZXNDetBEdEbSyRE6Q8DoYBY"
  },
  {
    "id": 647,
    "hash": "QmZqJkbajTsoua6NGaT1gPPew7Q2jmdHfUxjetTbd76Ph2"
  },
  {
    "id": 648,
    "hash": "QmS5n9uwMsSQpjNZaQ7ZfLJbQxDscRt911o5A8ju54RKn6"
  },
  {
    "id": 649,
    "hash": "QmYR6kyqLmQCRdqQyUzgKrKx5ube6C15CzxDdPQ34o61SM"
  },
  {
    "id": 650,
    "hash": "QmUfcdDDKW6dy6uGw84gUSqR4F6D78LA4DYdWVBtmD6Yak"
  },
  {
    "id": 651,
    "hash": "QmYegUptHfoAt82rgmXfGni2Y2QoLssP1XhQWmoQMkyFUm"
  },
  {
    "id": 652,
    "hash": "QmQx4RLKJtH1u7KzP9hfv4R5Y5AuHAmmTBUgnSACsqyV8j"
  },
  {
    "id": 653,
    "hash": "QmTpwb5XghnbwKoBmPR1XA5ieKBasP9D3da3H7JFxtQE9y"
  },
  {
    "id": 654,
    "hash": "QmY4v5mL7HGhiQKc2RqtrJ6AsuHSa73fwF9NtAZABPRVoX"
  },
  {
    "id": 655,
    "hash": "QmSxq9qob173BbeZc78yXLBSHZK8QMs899FwqfvhqoN3sk"
  },
  {
    "id": 656,
    "hash": "QmXFXZUwGYeojUQ4xvZSnFcbsgKCtWxKHU7Yo1BiNknSCL"
  },
  {
    "id": 657,
    "hash": "QmfNHqVnPTJk3pue8zdB1kebNqdEkKuddMVvQYsc3YZsQe"
  },
  {
    "id": 658,
    "hash": "QmXrHHxvuedeDxQJqYuvHmwJSoAAjc9hsbyjeUXwBk7CbA"
  },
  {
    "id": 659,
    "hash": "QmNwKbG3X5FNXx4Bvrs4ThsLFxjBbjfFn35ELe387Z8GG2"
  },
  {
    "id": 660,
    "hash": "QmSL1YJNWopNztMRArYRjLe85KMjimSJW8uKNVDqhzzrzp"
  },
  {
    "id": 661,
    "hash": "Qmd8TXw3eLxkkNPYvgBWHHbu57d7UjBExkc7JMqpjfNeRJ"
  },
  {
    "id": 662,
    "hash": "QmR1BNuV6PASf3DnbBJSH5AqMemCRVdJgxGcowYasjDLT6"
  },
  {
    "id": 663,
    "hash": "QmPUMuNzii8HSC7oyfmaKB7iBDCLh1LB2gstkv3yzn5Zzu"
  },
  {
    "id": 664,
    "hash": "QmY2tw2aqrN2KD82JwVVH8tzA7rkWqRM3XxhLG6Yi7qcVJ"
  },
  {
    "id": 665,
    "hash": "QmazEvBzpqEL7aqFhARCUN6ywbwnute3oFxy1Sh2Lavuo6"
  },
  {
    "id": 666,
    "hash": "QmcayaHT4pF1RBYzHfuc6UApUdLHeUm8UQofBms3CMpyfm"
  }
]